--菜单表 菜单授权表 字典表 初始化

DELETE  FROM   FAP_MENU_AUTH;
DELETE  FROM   FAP_MENU;
DELETE  FROM   FAP_DICTIONARY;
--版块
DELETE  FROM   MDMP_BOARD;
--权限表 功能表 功能-权限中间表
DELETE FROM FAP_AUTH_CODE;
DELETE FROM FAP_FUNCTION;
DELETE FROM FAP_FUNC_AUTH_RELA;


INSERT INTO  MDMP_BOARD (BOARD_ID,BOARD_NAME,MODERATOR) VALUES
('297e84a7673010160167302218d224hd','问题版块','admin')
,('297e84a7673010160167302218d21aa4','经验交流','1001,admin');


--菜单表

INSERT INTO FAP_MENU (MENU_ID,PARENT_ID,MENU_CODE,MENU_NAME,MENU_ACTION,ORD,IS_ENABLE,MENU_LEVEL,MODULE,MENU_ICON,SYSTEM_TYPE) VALUES
('297e690f66e3a4d30166e3a5ff3100d6',NULL,'system','系统管理','',1,1,1,'module.system','icon-setting',NULL)
,('297e690f66e3a4d30166e3a5ffe000d8','297e690f66e3a4d30166e3a5ff3100d6','system.config','系统配置',NULL,3,1,2,'module.system','icon-system-config',NULL)
,('297e690f66e3a4d30166e3a6005700da','297e690f66e3a4d30166e3a5ffe000d8','system.menu','菜单管理','/menu/manager',1,1,3,'module.system','icon-list',NULL)
,('297e690f66e3a4d30166e3a600d200dc','297e690f66e3a4d30166e3a5ffe000d8','plugincenter','插件中心','/plugin/registry',6,1,3,'module.system','icon-plugin',NULL)
,('297e690f66e3a4d30166e3a650fc010f','297e690f66e3a4d30166e3a5ffe000d8','system.bizlog','日志查询','/bizlog/list',7,1,3,'module.system','icon-see',NULL)
,('297e690f66e3a4d30166e3a651750111','297e690f66e3a4d30166e3a5ffe000d8','system.bizlog.dashboard','日志仪表盘','/bizlog/dashboard',8,1,3,'module.system','icon-see',NULL)
,('297e690f66e3a4d30166e3a651e70113','297e690f66e3a4d30166e3a5ffe000d8','system.bizlog.login.statistics','登陆日志统计','/bizlog/login/statistics',9,1,3,'module.system','icon-see',NULL)
,('297e690f66e3a4d30166e3a657ef011a','297e690f66e3a4d30166e3a5ffe000d8','system.params','参数管理','/params/list',7,1,3,'module.system','icon-cmdb',NULL)
,('297e690f66e3a4d30166e3a65a65011e','297e690f66e3a4d30166e3a5ffe000d8','system.dictionary','字典管理','/dictionary/list',4,1,3,'module.system','icon-text',NULL)
,('297e690f66e3a4d30166e3a65b750121','297e690f66e3a4d30166e3a5ff3100d6','position.auth','岗位管理',NULL,2,1,2,'module.system','icon-post',NULL)
,('297e690f66e3a4d30166e3a65beb0123','297e690f66e3a4d30166e3a65b750121','system.position','岗位管理','/role/position/list',1,1,3,'module.system','icon-post',NULL)
,('297e690f66e3a4d30166e3a65c5c0125','297e690f66e3a4d30166e3a65b750121','system.role','角色管理','/role/list',2,1,3,'module.system',' icon-role',NULL)
,('297e690f66e3a4d30166e3a65ccb0127','297e690f66e3a4d30166e3a65b750121','system.scope.group','范围域组管理','/scope/group/list',3,1,3,'module.system','icon-scope',NULL)
,('297e690f66e3a4d30166e3a65d450129','297e690f66e3a4d30166e3a5ffe000d8','system.authority','权限注册','/auth/code/list',2,1,3,'module.system','relevance',NULL)
,('297e690f66e3a4d30166e3a65db4012b','297e690f66e3a4d30166e3a5ffe000d8','system.function','功能注册','/function/list',3,1,3,'module.system','grid',NULL)
,('2c91808567cf7a400167cf89afeb016d','402881fa67cf6e360167cf74e0f3003f','nnzz','南宁中支','',0,1,3,'','','')
,('2c91808567cf7a400167cf8a9841017c','2c91808567cf7a400167cf89afeb016d','dzghywgkqz','广西金融电子结算综合业务系统国库前置系统','/metadata/search?keyword=GKQZ&field=systemCode',0,1,4,'','','')
,('297e690f66e3a4d30166e3a668fc0138','297e690f66e3a4d30166e3a5ffe000d8','system.custom.field','自定义字段管理','/customfield/list',6,1,3,'module.system','relevance',NULL)
,('297e690f66e3a4d30166e3a6696c013a','297e690f66e3a4d30166e3a5ffe000d8','system.custom.screen','自定义字段界面配置','/screen/list',7,1,3,'module.system','grid',NULL)
,('297e84a767c985de0167c994f91b0080','297e690f66e3a4d30166e3a5ff3100d6','organization','组织机构','',1,1,2,'module.system','icon-role-map1','')
,('297e84a767c985de0167c9978eae009c','297e84a767c985de0167c994f91b0080','system.user','用户管理','/user/list',0,1,3,'module.system','icon-user','')
,('297e84a767c985de0167c99982e000ad','297e84a767c985de0167c994f91b0080','system.organization','机构管理','/organization/view',0,1,3,'module.system','icon-organize','')
,('402881fa67cf6e360167cf74e0f3003f','297e84a767c94dc00167c9579d430083','APP_ENTER','从应用系统进入','',6,1,2,'','','')
,('402881fa67cf6e360167cf794a0700ba','297e84a767c94dc00167c9579d430083','depart_enter','从对口部门进入','',6,1,2,'','','')
,('402881fa67cf6e360167cf7ae0d100e1','402881fa67cf6e360167cf794a0700ba','office','办公室','',0,1,3,'','','')
,('402881fa67cf6e360167cf7cd1e600f0','402881fa67cf6e360167cf7ae0d100e1','hbxdglc','货币信贷管理处','/metadata/search?keyword=货币信贷管理处',0,1,4,'','','')
,('402881fa67cf6e360167cf7e958d00ff','402881fa67cf6e360167cf74e0f3003f','zh','总行','',0,1,3,'','','')
,('402881fa67cf6e360167cf84898b010e','402881fa67cf6e360167cf7e958d00ff','TCBS&TBS','国家金库会计核算系统','/metadata/search?keyword=TCBS&field=systemCode',0,1,4,'','icon-plugin','')
,('402881fa67cf6e360167cf857078011d','402881fa67cf6e360167cf7e958d00ff','TIPS','总行财税库银横向联网系统','/metadata/search?keyword=TIPS&field=systemCode',0,1,4,'','','')
,('2c90856667c552df0167c5546221001e','297e690f66e3a4d30166e3a5ff3100d6','bulletin','新闻公告',NULL,4,1,2,'module.system','icon-news-notice',NULL)
,('2c90856667c552df0167c554632d001f','2c90856667c552df0167c5546221001e','bulletin.manager','公告管理','/bulletin/manager',1,1,2,'module.system','icon-notice',NULL)
,('2c90856667c552df0167c55464490021','2c90856667c552df0167c5546221001e','bulletin.query','公告查询','/bulletin/list',2,1,2,'module.system','icon-notice-search',NULL)
,('2c90856667c552df0167c55465630023','2c90856667c552df0167c5546221001e','bulletin.read.record','公告阅读记录','/bulletin/read/record',3,1,2,'module.system','icon-list',NULL)
,('297e84a767c94dc00167c9579d430083',NULL,'metaClass','全部分类','',2,1,1,'module.other','','')
,('297e84a767c94dc00167c95a56c400cd','297e84a767c94dc00167c9579d430083','database','从元数据分类进入','',0,1,2,'','','')
,('297e84a767c94dc00167c95b924300df','2c91808567dbf3690167dc0a50c0020d','Database','数据库','/metadata/search?metaClass=database.Database',1,1,4,'','','')
,('2c91808567cf7a400167cf8ba1fa019f','2c91808567cf7a400167cf89afeb016d','gkqz','广西国库前置系统','/metadata/search?keyword=GKQZ&field=systemCode',0,1,4,'','','')
,('2c91808567cf7a400167cf8ca4b201b3','402881fa67cf6e360167cf74e0f3003f','paydept','支付处','',0,1,3,'','','')
,('2c91808567cf7a400167cf8d44d501d4','2c91808567cf7a400167cf8ca4b201b3','rmbjszh','人民币银行结算账户管理系统','/metadata/search?keyword=人民币银行结算账户管理系统&field=systemCode',0,1,4,'','','')
,('2c91808567cf7a400167cf8ea4ad020f','402881fa67cf6e360167cf794a0700ba','kjcwc','会计财务处','',0,1,3,'','','')
,('2c91808567cf7a400167cf8f70f2021e','2c91808567cf7a400167cf8ea4ad020f','zfjsc','支付结算处','/metadata/search?keyword=支付结算处',0,1,4,'','','')
,('2c91808567cf7a400167cf902a49022d','402881fa67cf6e360167cf794a0700ba','kjc','科技处','/metadata/search?keyword=KJC&field=responsibilityDepartment',0,1,3,'','','')
,('2c91808567cf7a400167cf90f969023d','402881fa67cf6e360167cf794a0700ba','hbjyc','货币金银处','/metadata/search?keyword=货币金银处',0,1,3,'','','')
,('2c91808567cf7a400167cf916a5f024d','402881fa67cf6e360167cf794a0700ba','hr','人事处','',0,1,3,'','','')
,('2c91808567cf7a400167cf91d5dd025c','402881fa67cf6e360167cf794a0700ba','ldsgbc','离退休干部处','',0,1,3,'','','')
,('2c91808567dbf3690167dc09cdfb0200','297e84a767c94dc00167c95a56c400cd','businessmetadata','业务元数据','',0,1,3,'','','')
,('2c91808567dbf3690167dc0a50c0020d','297e84a767c94dc00167c95a56c400cd','techmetadata','技术元数据','',0,1,3,'','','')
,('2c91808567dbf3690167dc0c0c350238','297e84a767c94dc00167c95a56c400cd','example','样例分类','',0,1,3,'','','')
,('2c91808567dbf3690167dc16813602f9','2c91808567dbf3690167dc09cdfb0200','BusinessDirectory','业务目录','/metadata/search?metaClass=business.BusinessDirectory',2,1,4,'','','')
,('2c91808567dbf3690167dc17a4b80315','2c91808567dbf3690167dc09cdfb0200','Business','业务','/metadata/search?metaClass=business.Business',3,1,4,'','','')
,('2c91808567dbf3690167dc1854a80323','2c91808567dbf3690167dc09cdfb0200','BusinessGlossary','业务术语','/metadata/search?metaClass=business.BusinessGlossary',4,1,4,'','','')
,('2c91808567dbf3690167dc191f000330','2c91808567dbf3690167dc09cdfb0200','BusinessRule','业务规则','/metadata/search?metaClass=business.BusinessRule',5,1,4,'','','')
,('2c91808567dbf3690167dc1a0e3a0351','2c91808567dbf3690167dc09cdfb0200','CommonCode','公共代码','/metadata/search?metaClass=business.BusinessCommonCode',6,1,4,'','','')
,('2c91808567dbf3690167dc1a9947035e','2c91808567dbf3690167dc09cdfb0200','Subject','主题','/metadata/search?metaClass=business.Subject',7,1,4,'','','')
,('2c91808567dbf3690167dc1b59a8036c','2c91808567dbf3690167dc09cdfb0200','BusinessClassification','业务分类','/metadata/search?metaClass=business.BusinessBusinessClassification',8,1,4,'','','')
,('2c91808567dbf3690167dc1c0df9037a','2c91808567dbf3690167dc09cdfb0200','BusinessAttribute','业务属性','/metadata/search?metaClass=business.BusinessBusinessAttribute',9,1,4,'','','')
,('2c91808567dbf3690167dc1dc920039b','2c91808567dbf3690167dc0a50c0020d','Schema','Schema','/metadata/search?metaClass=cn.gov.pbc.mdmp.resource.relational.Schema',1,1,4,'','','')
,('2c91808567dbf3690167dc1ebe3d03a8','2c91808567dbf3690167dc0a50c0020d','Table','表','/metadata/search?metaClass=cn.gov.pbc.mdmp.resource.relational.Table',1,1,4,'','','')
,('2c91808567dbf3690167dc1f782903b5','2c91808567dbf3690167dc0a50c0020d','View','视图','/metadata/search?metaClass=cn.gov.pbc.mdmp.resource.relational.View',1,1,4,'','','')
,('2c91808567dbf3690167dc23913b03c3','2c91808567dbf3690167dc0a50c0020d','Column','字段','/metadata/search?metaClass=cn.gov.pbc.mdmp.resource.relational.Column',1,1,4,'','','')
,('2c91808567dbf3690167dc24d6b903d0','2c91808567dbf3690167dc0c0c350238','Report','报表','/metadata/search?metaClass=report.Report',0,1,4,'','','')
,('2c91808567dbf3690167dc25a8e403de','2c91808567dbf3690167dc0c0c350238','KeyIndicator','关键指标','/metadata/search?metaClass=report.KeyIndicator',0,1,4,'','','')
,('2c91808567dbf3690167dc26aa7503eb','2c91808567dbf3690167dc0c0c350238','Dimension','维度','/metadata/search?metaClass=report.Dimension',0,1,4,'','','')
,('2c91808567dbf3690167dc27cd4203fa','2c91808567dbf3690167dc0c0c350238','File','文件','/metadata/search?metaClass=resources.File',0,1,4,'','','')
,('2c91808567dbf3690167dc29fb810425','402881fa67cf6e360167cf794a0700ba','servicecenter','后勤服务中心','',0,1,3,'','','')
,('2c91808567dbf3690167dc2b596e0432','2c91808567dbf3690167dc29fb810425','qbbwg','钱币博物馆','/metadata/search?keyword=qbbwg&field=responsibilityDepartment',0,1,4,'','','')
,('2c91808567dbf3690167dc2c7685043f','2c91808567dbf3690167dc29fb810425','nncpzx','南宁钞票处理中心','/metadata/search?keyword=nncpzx&field=responsibilityDepartment',0,1,4,'','','')
,('2c91808567dbf3690167dc2d706b0465','2c91808567cf7a400167cf91d5dd025c','jjjcoffice','纪检监察办公室','/metadata/search?keyword=jjjcoffice&field=responsibilityDepartment',0,1,4,'','','')
,('2c91808567dbf3690167dc2e2cfc0472','2c91808567cf7a400167cf91d5dd025c','jjjcofficexs','纪检监察办公室巡视','/metadata/search?keyword=jjjcoffice&field=responsibilityDepartmentjjjcofficexs',0,1,4,'','','')
,('2c91808567dbf3690167dc2f3784047f','2c91808567cf7a400167cf91d5dd025c','kjrmbywoffice','跨境人民币业务办公室','/metadata/search?keyword=kjrmbywoffice&field=responsibilityDepartment',0,1,4,'','','')
,('2c91808567dbf3690167dc30b490048d','402881fa67cf6e360167cf794a0700ba','ghoffice','工会办公室','/metadata/search?keyword=ghoffice&field=responsibilityDepartment',0,1,3,'','','')
,('2c91808567dbf3690167dc31617d049a','402881fa67cf6e360167cf794a0700ba','yyb','营业部','/metadata/search?keyword=yyb&field=responsibilityDepartment',0,1,3,'','','')
,('2c91808567dbf3690167dc32002b04a7','402881fa67cf6e360167cf794a0700ba','qszx','清算中心','/metadata/search?keyword=qszx&field=responsibilityDepartment',0,1,3,'','','')
,('2c91808567dbf3690167dc341bc204e7','402881fa67cf6e360167cf794a0700ba','yyzx','押运中心','/metadata/search?keyword=yyzx&field=responsibilityDepartment',0,1,3,'','','')
,('2c91808567dbf3690167dc34cf5a04f4','2c91808567cf7a400167cf902a49022d','kjyk','科技一科','/metadata/search?keyword=kjyk&field=responsibilityDepartment',0,1,4,'','','')
,('2c91808567dbf3690167dc35b0ae0502','2c91808567cf7a400167cf902a49022d','kjerk','科技二科','/metadata/search?keyword=kjerk&field=responsibilityDepartment',0,1,4,'','','')
,('2c91808567dbf3690167dc364da2050f','2c91808567cf7a400167cf902a49022d','kjsk','科技三科','/metadata/search?keyword=kjsk&field=responsibilityDepartment',0,1,4,'','','')
,('2c91808567dbf3690167dc3722a8052f','2c91808567cf7a400167cf90f969023d','gkc','国库处','/metadata/search?keyword=gkc&field=responsibilityDepartment',0,1,4,'','','')
,('2c91808567dbf3690167dc37d012053c','2c91808567cf7a400167cf90f969023d','nsc','内审处','/metadata/search?keyword=nsc&field=responsibilityDepartment',0,1,4,'','','')
,('2c91808567dbf3690167dc385baf0549','2c91808567cf7a400167cf916a5f024d','jryjs','金融研究处','/metadata/search?keyword=jryjs&field=responsibilityDepartment',0,1,4,'','','')
,('2c91808567dbf3690167dc3938520556','2c91808567cf7a400167cf916a5f024d','zxglc','征信管理处','/metadata/search?keyword=zxglc&field=responsibilityDepartment',0,1,4,'','','')
,('2c91808567dbf3690167dc39ec4e057f','2c91808567cf7a400167cf916a5f024d','jcxmglc','经常项目管理处','/metadata/search?keyword=jcxmglc&field=responsibilityDepartment',0,1,4,'','','')
,('2c91808567dbf3690167dc3af27005c3','402881fa67cf6e360167cf7ae0d100e1','jywdc','金融稳定处','/metadata/search?keyword=jywdc&field=responsibilityDepartment',0,1,4,'','','')
,('2c91808567dbf3690167dc3b9d5805d0','402881fa67cf6e360167cf7ae0d100e1','tctjc','调查统计处','/metadata/search?keyword=tctjc&field=responsibilityDepartmenttctjc',0,1,4,'','','')
,('402881fc67dc8cfe0167dc940fac00f8','402881fa67cf6e360167cf794a0700ba','bwc','保卫处','/metadata/search?keyword=bwc&field=responsibilityDepartment',0,1,3,'','','')
,('402881fc67dc8cfe0167dc9535bf011d','402881fa67cf6e360167cf74e0f3003f','jrwdc','金融稳定处','',0,1,3,'','','')
,('402881fc67dc8cfe0167dc95f025012a','402881fc67dc8cfe0167dc9535bf011d','jrpgxt','金融稳定评估系统','/metadata/search?keyword=jrpgxt&field=systemCode',0,1,4,'','','')
,('402881fc67dc8cfe0167dc96aadd0137','402881fc67dc8cfe0167dc9535bf011d','jrjgfxjc','金融机构风险监测与分析系统','/metadata/search?keyword=jrjgfxjc&field=systemCode',0,1,4,'','','')
,('2c918086691f2d8401691f353cf200d3','2c91808567dbf3690167dc09cdfb0200','Indicator','指标','/metadata/search?metaClass=business.Indicator',1,1,4,'','','')
,('2c918086691fb95c0169222bd06500c8',NULL,'check','测试','',2,1,1,'module.system','','')
,('2c918086690e0eab01690ea2d8470267','297e690f66e3a4d30166e3a5ff3100d6','check.b','测试','/test',9,0,2,'module.system','icon-uparrow','')
;



--字典表

INSERT INTO FAP_DICTIONARY (DICTIONARY_ID,PARENT_ID,DIC_KEY,DIC_VAL,MEMO,ORD,ORG_CODE,DIC_LEVEL,IS_ENABLE) VALUES
('297e690f66e3a4d30166e3a537930002',NULL,'bizlog.operate.type','业务日志操作类型','业务日志操作类型',1,NULL,'system',NULL)
,('297e690f66e3a4d30166e3a538890003','297e690f66e3a4d30166e3a537930002','log.menu.batch.delete','批量删除菜单','批量删除菜单',1,NULL,'system',NULL)
,('297e690f66e3a4d30166e3a539610004','297e690f66e3a4d30166e3a537930002','log.role.add','新增角色','新增角色',2,NULL,'system',NULL)
,('297e690f66e3a4d30166e3a53a390005','297e690f66e3a4d30166e3a537930002','log.param.add','新增系统参数','新增系统参数',3,NULL,'system',NULL)
,('297e690f66e3a4d30166e3a53b100006','297e690f66e3a4d30166e3a537930002','log.role.modify.audited','修改角色(复核后)','修改角色(复核后)',4,NULL,'system',NULL)
,('297e690f66e3a4d30166e3a53be60007','297e690f66e3a4d30166e3a537930002','log.authscope.modify','修改权限码范围域','修改权限码范围域',5,NULL,'system',NULL)
,('297e690f66e3a4d30166e3a53cba0008','297e690f66e3a4d30166e3a537930002','log.role.delete.auditing','删除角色 (待复核)','删除角色 (待复核)',6,NULL,'system',NULL)
,('297e690f66e3a4d30166e3a53d900009','297e690f66e3a4d30166e3a537930002','log.authcode.add.error','新增权限码失败','新增权限码失败',7,NULL,'system',NULL)
,('297e690f66e3a4d30166e3a53e7a000a','297e690f66e3a4d30166e3a537930002','log.dictionary.modify','修改字典','修改字典',8,NULL,'system',NULL)
,('297e690f66e3a4d30166e3a53f58000b','297e690f66e3a4d30166e3a537930002','log.user.modify','修改用户信息','修改用户信息',9,NULL,'system',NULL)
,('297e690f66e3a4d30166e3a5402c000c','297e690f66e3a4d30166e3a537930002','log.function.delete.error','删除功能失败','删除功能失败',10,NULL,'system',NULL)
,('297e690f66e3a4d30166e3a54109000d','297e690f66e3a4d30166e3a537930002','log.authscope.add','新增权限范围域','新增权限范围域',11,NULL,'system',NULL)
,('297e690f66e3a4d30166e3a541ec000e','297e690f66e3a4d30166e3a537930002','log.role.delete','删除角色','删除角色',12,NULL,'system',NULL)
,('297e690f66e3a4d30166e3a542c9000f','297e690f66e3a4d30166e3a537930002','log.role.delete.audited','删除角色(复核后)','删除角色(复核后)',13,NULL,'system',NULL)
,('297e690f66e3a4d30166e3a543ca0010','297e690f66e3a4d30166e3a537930002','log.authcode.add','新增权限码','新增权限码',14,NULL,'system',NULL)
,('297e690f66e3a4d30166e3a544a60011','297e690f66e3a4d30166e3a537930002','opwater','操作流水','web交互操作流水',15,NULL,'system',NULL)
,('297e690f66e3a4d30166e3a545820012','297e690f66e3a4d30166e3a537930002','log.authcode.modify','修改权限码','修改权限码',16,NULL,'system',NULL)
,('297e690f66e3a4d30166e3a5465f0013','297e690f66e3a4d30166e3a537930002','log.function.delete','删除功能','删除功能',17,NULL,'system',NULL)
,('297e690f66e3a4d30166e3a547360014','297e690f66e3a4d30166e3a537930002','log.role.add.auditing','新增角色 (待复核)','新增角色 (待复核)',18,NULL,'system',NULL)
,('297e690f66e3a4d30166e3a5480d0015','297e690f66e3a4d30166e3a537930002','log.user.add','新增用户','新增用户',19,NULL,'system',NULL)
,('297e690f66e3a4d30166e3a548e30016','297e690f66e3a4d30166e3a537930002','log.user.add.audited','新增用户(复核后)','新增用户(复核后)',20,NULL,'system',NULL)
,('297e690f66e3a4d30166e3a549bb0017','297e690f66e3a4d30166e3a537930002','log.authcode.batch.delete','批量删除权限码','批量删除权限码',21,NULL,'system',NULL)
,('297e690f66e3a4d30166e3a54b860018','297e690f66e3a4d30166e3a537930002','log.role.add.audited','新增角色(复核后)','新增角色(复核后)',22,NULL,'system',NULL)
,('297e690f66e3a4d30166e3a54c5b0019','297e690f66e3a4d30166e3a537930002','log.role.modify','修改角色','修改角色',23,NULL,'system',NULL)
,('297e690f66e3a4d30166e3a54d2f001a','297e690f66e3a4d30166e3a537930002','log.dictionary.delete','删除字典','删除字典',24,NULL,'system',NULL)
,('297e690f66e3a4d30166e3a54e05001b','297e690f66e3a4d30166e3a537930002','log.authcode.delete.error','删除权限码失败','删除权限码失败',25,NULL,'system',NULL)
,('297e690f66e3a4d30166e3a54ee2001c','297e690f66e3a4d30166e3a537930002','log.role.modify.auditing','修改角色 (待复核)','修改角色 (待复核)',26,NULL,'system',NULL)
,('297e690f66e3a4d30166e3a54fba001d','297e690f66e3a4d30166e3a537930002','log.dictionary.batch.delete','批量删除数据字典','批量删除数据字典',27,NULL,'system',NULL)
,('297e690f66e3a4d30166e3a55091001e','297e690f66e3a4d30166e3a537930002','log.user.add.auditing','新增用户(待复核)','新增用户(待复核)',28,NULL,'system',NULL)
,('297e690f66e3a4d30166e3a5516a001f','297e690f66e3a4d30166e3a537930002','log.user.delete.auditing','停用用户(待复核)','停用用户(待复核)',29,NULL,'system',NULL)
,('297e690f66e3a4d30166e3a553330020','297e690f66e3a4d30166e3a537930002','log.authcode.delete','删除权限码','删除权限码',30,NULL,'system',NULL)
,('297e690f66e3a4d30166e3a554260021','297e690f66e3a4d30166e3a537930002','log.user.delete','停用用户','停用用户',31,NULL,'system',NULL)
,('297e690f66e3a4d30166e3a555000022','297e690f66e3a4d30166e3a537930002','log.logout','退出系统','退出系统',32,NULL,'system',NULL)
,('297e690f66e3a4d30166e3a555d50023','297e690f66e3a4d30166e3a537930002','log.authscope.batch.delete','删除范围域','删除范围域',33,NULL,'system',NULL)
,('297e690f66e3a4d30166e3a556ad0024','297e690f66e3a4d30166e3a537930002','log.function.batch.delete','批量删除功能','批量删除功能',34,NULL,'system',NULL)
,('297e690f66e3a4d30166e3a557870025','297e690f66e3a4d30166e3a537930002','log.function.add','新增功能','新增功能',35,NULL,'system',NULL)
,('297e690f66e3a4d30166e3a558600026','297e690f66e3a4d30166e3a537930002','log.param.modify','修改系统参数','修改系统参数',36,NULL,'system',NULL)
,('297e690f66e3a4d30166e3a5593a0027','297e690f66e3a4d30166e3a537930002','log.user.modify.auditing','修改用户(待复核)','修改用户(待复核)',37,NULL,'system',NULL)
,('297e690f66e3a4d30166e3a55a140028','297e690f66e3a4d30166e3a537930002','log.param.batch.modify','批量修改系统参数','批量修改系统参数',38,NULL,'system',NULL)
,('297e690f66e3a4d30166e3a55af20029','297e690f66e3a4d30166e3a537930002','log.menu.delete','删除菜单','删除菜单',39,NULL,'system',NULL)
,('297e690f66e3a4d30166e3a55bcd002a','297e690f66e3a4d30166e3a537930002','log.function.add.error','新增功能失败','新增功能失败',40,NULL,'system',NULL)
,('297e690f66e3a4d30166e3a55ca7002b','297e690f66e3a4d30166e3a537930002','log.dictionary.add','新增字典','新增字典',41,NULL,'system',NULL)
,('297e690f66e3a4d30166e3a55d84002c','297e690f66e3a4d30166e3a537930002','log.user.modify.audited','修改用户(复核后)','修改用户(复核后)',42,NULL,'system',NULL)
,('297e690f66e3a4d30166e3a55e62002d','297e690f66e3a4d30166e3a537930002','log.role.batch.delete','批量删除角色(待复核)','批量删除角色(待复核)',43,NULL,'system',NULL)
,('297e690f66e3a4d30166e3a55f3a002e','297e690f66e3a4d30166e3a537930002','log.role.delete.error','删除角色失败','删除角色失败',44,NULL,'system',NULL)
,('297e690f66e3a4d30166e3a56018002f','297e690f66e3a4d30166e3a537930002','log.function.modify','修改功能','修改功能',45,NULL,'system',NULL)
,('297e690f66e3a4d30166e3a560f50030','297e690f66e3a4d30166e3a537930002','log.param.delete','删除系统参数','删除系统参数',46,NULL,'system',NULL)
,('297e690f66e3a4d30166e3a561d40031','297e690f66e3a4d30166e3a537930002','log.login','登录系统','登录系统',47,NULL,'system',NULL)
,('297e690f66e3a4d30166e3a562b10032','297e690f66e3a4d30166e3a537930002','log.user.delete.audited','停用用户(复核后)','停用用户(复核后)',48,NULL,'system',NULL)
,('297e690f66e3a4d30166e3a564800033','297e690f66e3a4d30166e3a537930002','log.pwd.update','修改密码','修改密码',49,NULL,'system',NULL)
,('297e690f66e3a4d30166e3a5656b0034','297e690f66e3a4d30166e3a537930002','log.dictionary.batch.modify','批量修改字典','批量修改字典',50,NULL,'system',NULL)
,('297e690f66e3a4d30166e3a567830035','297e690f66e3a4d30166e3a537930002','log.menu.modify','修改菜单','修改菜单',51,NULL,'system',NULL)
,('297e690f66e3a4d30166e3a568830036','297e690f66e3a4d30166e3a537930002','log.param.batch.delete','批量删除系统参数','批量删除系统参数',52,NULL,'system',NULL)
,('297e690f66e3a4d30166e3a569810037','297e690f66e3a4d30166e3a537930002','log.menu.add','添加菜单','添加菜单',53,NULL,'system',NULL)
,('297e690f66e3a4d30166e3a56e89003f',NULL,'system.params.level','系统参数-参数级别','系统参数的参数级别',2,NULL,'system',NULL)
,('297e690f66e3a4d30166e3a56f600040',NULL,'system.params.type','系统参数-参数类型','系统参数的参数类型',3,NULL,'system',NULL)
,('297e690f66e3a4d30166e3a5703a0041','297e690f66e3a4d30166e3a56f600040','params_type_login','登录参数','登录参数',1,NULL,'system',NULL)
,('297e690f66e3a4d30166e3a571090042','297e690f66e3a4d30166e3a56e89003f','params_level_system','系统级别','系统级别',1,NULL,'system',NULL)
,('297e690f66e3a4d30166e3a571dd0043','297e690f66e3a4d30166e3a56e89003f','params_level_general','行社通用级别','行社通用级别',2,NULL,'system',NULL)
,('297e690f66e3a4d30166e3a572b40044','297e690f66e3a4d30166e3a56e89003f','params_level_cj','陈佳测试','陈佳测试',3,NULL,'system',NULL)
,('297e690f66e3a4d30166e3a573850045','297e690f66e3a4d30166e3a56e89003f','params_level_sunyard','省联社级别','省联社级别',4,NULL,'system',NULL)
,('297e690f66e3a4d30166e3a574580046','297e690f66e3a4d30166e3a56e89003f','params_level_user','用户级别','用户级别',5,NULL,'system',NULL)
,('297e690f66e3a4d30166e3a575430047','297e690f66e3a4d30166e3a56f600040','params_type_system','系统参数','系统参数',2,NULL,'system',NULL)
,('297e690f66e3a4d30166e3a576160048','297e690f66e3a4d30166e3a56e89003f','params_level_org','行社级别','行社级别',6,NULL,'system',NULL)
,('297e690f66e3a4d30166e3a58c1d0058',NULL,'target.scope.type','目标范围类型','目标范围类型',4,NULL,'system',NULL)
,('297e690f66e3a4d30166e3a58cf20059',NULL,'auth.code.type','权限类型','权限类型',5,NULL,'system',NULL)
,('297e690f66e3a4d30166e3a58dc3005a','297e690f66e3a4d30166e3a58c1d0058','post','岗位管理','岗位管理',1,NULL,'system',NULL)
,('297e690f66e3a4d30166e3a58eb1005b','297e690f66e3a4d30166e3a58cf20059','type.other','其他模块','其他模块',1,NULL,'system',NULL)
,('297e690f66e3a4d30166e3a58f81005c','297e690f66e3a4d30166e3a58c1d0058','role','角色管理','角色管理',2,NULL,'system',NULL)
,('297e690f66e3a4d30166e3a59051005d','297e690f66e3a4d30166e3a58c1d0058','org','机构','/auth/scope/type/org',3,NULL,'system',NULL)
,('297e690f66e3a4d30166e3a5912a005e','297e690f66e3a4d30166e3a58c1d0058','custom_app','应用自定义','/auth/scope/type/custom/app',4,NULL,'system',NULL)
,('297e690f66e3a4d30166e3a591fc005f','297e690f66e3a4d30166e3a58cf20059','type.system','系统模块','系统模块',2,NULL,'system',NULL)
,('297e690f66e3a4d30166e3a59e05006c',NULL,'system.module','所属模块','所属模块',6,NULL,'system',NULL)
,('297e690f66e3a4d30166e3a59ef6006d',NULL,'menu.icon','菜单图标','菜单图标',7,NULL,'system',NULL)
,('297e690f66e3a4d30166e3a59fc9006e','297e690f66e3a4d30166e3a59ef6006d','uparrow','向上箭头','向上箭头',1,NULL,'system',NULL)
,('297e690f66e3a4d30166e3a5a09f006f','297e690f66e3a4d30166e3a59ef6006d','download','下载','下载',2,NULL,'system',NULL)
,('297e690f66e3a4d30166e3a5a17d0070','297e690f66e3a4d30166e3a59ef6006d','collapse','收缩（收入)','收缩（收入)',3,NULL,'system',NULL)
,('297e690f66e3a4d30166e3a5a2520071','297e690f66e3a4d30166e3a59ef6006d','add','添加','添加',4,NULL,'system',NULL)
,('297e690f66e3a4d30166e3a5a3210072','297e690f66e3a4d30166e3a59ef6006d','list','列表','列表',5,NULL,'system',NULL)
,('297e690f66e3a4d30166e3a5a3f10073','297e690f66e3a4d30166e3a59ef6006d','role-map','角色管理','角色管理',6,NULL,'system',NULL)
,('297e690f66e3a4d30166e3a5a4c10074','297e690f66e3a4d30166e3a59ef6006d','time','时间','时间',7,NULL,'system',NULL)
,('297e690f66e3a4d30166e3a5a59c0075','297e690f66e3a4d30166e3a59ef6006d','print','打印','打印',8,NULL,'system',NULL)
,('297e690f66e3a4d30166e3a5a6700076','297e690f66e3a4d30166e3a59ef6006d','report-type','文件夹','文件夹',9,NULL,'system',NULL)
,('297e690f66e3a4d30166e3a5a7440077','297e690f66e3a4d30166e3a59ef6006d','over-task','办结事宜','办结事宜',10,NULL,'system',NULL)
,('297e690f66e3a4d30166e3a5a8190078','297e690f66e3a4d30166e3a59ef6006d','notice-manage','公告管理','公告管理',11,NULL,'system',NULL)
,('297e690f66e3a4d30166e3a5a8f20079','297e690f66e3a4d30166e3a59ef6006d','rtarrow','向右箭头','向右箭头',12,NULL,'system',NULL)
,('297e690f66e3a4d30166e3a5a9c6007a','297e690f66e3a4d30166e3a59ef6006d','mobile','移动应用管理','移动应用管理',13,NULL,'system',NULL)
,('297e690f66e3a4d30166e3a5aa9a007b','297e690f66e3a4d30166e3a59ef6006d','back','返回','返回',14,NULL,'system',NULL)
,('297e690f66e3a4d30166e3a5ab6f007c','297e690f66e3a4d30166e3a59ef6006d','down-arrow','下三角','下三角',15,NULL,'system',NULL)
,('297e690f66e3a4d30166e3a5ac48007d','297e690f66e3a4d30166e3a59ef6006d','add-user','添加用户','添加用户',16,NULL,'system',NULL)
,('297e690f66e3a4d30166e3a5ad1e007e','297e690f66e3a4d30166e3a59ef6006d','refresh','刷新','刷新',17,NULL,'system',NULL)
,('297e690f66e3a4d30166e3a5adf5007f','297e690f66e3a4d30166e3a59ef6006d','scan','扫一扫','扫一扫',18,NULL,'system',NULL)
,('297e690f66e3a4d30166e3a5aecb0080','297e690f66e3a4d30166e3a59ef6006d','biz-audit','复核记录','复核记录',19,NULL,'system',NULL)
,('297e690f66e3a4d30166e3a5af9e0081','297e690f66e3a4d30166e3a59ef6006d','news-notice','新闻公告','新闻公告',20,NULL,'system',NULL)
,('297e690f66e3a4d30166e3a5b0710082','297e690f66e3a4d30166e3a59ef6006d','search','搜索','搜索',21,NULL,'system',NULL)
,('297e690f66e3a4d30166e3a5b1440083','297e690f66e3a4d30166e3a59ef6006d','portal-icon-jiaose','角色','角色',22,NULL,'system',NULL)
,('297e690f66e3a4d30166e3a5b2210084','297e690f66e3a4d30166e3a59ef6006d','saveas','另存为','另存为',23,NULL,'system',NULL)
,('297e690f66e3a4d30166e3a5b2f60085','297e690f66e3a4d30166e3a59ef6006d','notice','提醒','提醒',24,NULL,'system',NULL)
,('297e690f66e3a4d30166e3a5b3ce0086','297e690f66e3a4d30166e3a59ef6006d','role-audit','待复核','待复核',25,NULL,'system',NULL)
,('297e690f66e3a4d30166e3a5b4a40087','297e690f66e3a4d30166e3a59ef6006d','reduce','减','减',26,NULL,'system',NULL)
,('297e690f66e3a4d30166e3a5b5850088','297e690f66e3a4d30166e3a59ef6006d','down','下翻','下翻',27,NULL,'system',NULL)
,('297e690f66e3a4d30166e3a5b6980089','297e690f66e3a4d30166e3a59ef6006d','like','已收藏','已收藏',28,NULL,'system',NULL)
,('297e690f66e3a4d30166e3a5b76e008a','297e690f66e3a4d30166e3a59ef6006d','cut','裁剪','裁剪',29,NULL,'system',NULL)
,('297e690f66e3a4d30166e3a5b846008b','297e690f66e3a4d30166e3a59ef6006d','user-audit','复核人','复核人',30,NULL,'system',NULL)
,('297e690f66e3a4d30166e3a5b91b008c','297e690f66e3a4d30166e3a59ef6006d','plugin','插件','插件',31,NULL,'system',NULL)
,('297e690f66e3a4d30166e3a5bae1008d','297e690f66e3a4d30166e3a59ef6006d','p2pca','认证','认证',32,NULL,'system',NULL)
,('297e690f66e3a4d30166e3a5bbd7008e','297e690f66e3a4d30166e3a59ef6006d','setting','设置','设置',33,NULL,'system',NULL)
,('297e690f66e3a4d30166e3a5bcc0008f','297e690f66e3a4d30166e3a59ef6006d','redo','重做','重做',34,NULL,'system',NULL)
,('297e690f66e3a4d30166e3a5bda40090','297e690f66e3a4d30166e3a59ef6006d','organize','机构','机构',35,NULL,'system',NULL)
,('297e690f66e3a4d30166e3a5bea20091','297e690f66e3a4d30166e3a59ef6006d','liuchengguanli','流程管理','流程管理',36,NULL,'system',NULL)
,('297e690f66e3a4d30166e3a5bf870092','297e690f66e3a4d30166e3a59ef6006d','feedback','消息','消息',37,NULL,'system',NULL)
,('297e690f66e3a4d30166e3a5c0570093','297e690f66e3a4d30166e3a59ef6006d','rightly','正确','正确',38,NULL,'system',NULL)
,('297e690f66e3a4d30166e3a5c1280094','297e690f66e3a4d30166e3a59ef6006d','notice-search','查询','查询',39,NULL,'system',NULL)
,('297e690f66e3a4d30166e3a5c1fb0095','297e690f66e3a4d30166e3a59ef6006d','system-config','营销汇总','营销汇总',40,NULL,'system',NULL)
,('297e690f66e3a4d30166e3a5c2d80096','297e690f66e3a4d30166e3a59ef6006d','calendar','日历','日历',41,NULL,'system',NULL)
,('297e690f66e3a4d30166e3a5c3b70097','297e690f66e3a4d30166e3a59ef6006d','link','链接','链接',42,NULL,'system',NULL)
,('297e690f66e3a4d30166e3a5c4910098','297e690f66e3a4d30166e3a59ef6006d','voice','语音','语音',43,NULL,'system',NULL)
,('297e690f66e3a4d30166e3a5c5620099','297e690f66e3a4d30166e3a59ef6006d','error','错误','错误',44,NULL,'system',NULL)
,('297e690f66e3a4d30166e3a5c645009a','297e690f66e3a4d30166e3a59ef6006d','message','短信','短信',45,NULL,'system',NULL)
,('297e690f66e3a4d30166e3a5c734009b','297e690f66e3a4d30166e3a59ef6006d','clock','闹钟','闹钟',46,NULL,'system',NULL)
,('297e690f66e3a4d30166e3a5c80d009c','297e690f66e3a4d30166e3a59ef6006d','scope','管理范围','管理范围',47,NULL,'system',NULL)
,('297e690f66e3a4d30166e3a5c8e2009d','297e690f66e3a4d30166e3a59ef6006d','module','列表','列表',48,NULL,'system',NULL)
,('297e690f66e3a4d30166e3a5c9b8009e','297e690f66e3a4d30166e3a59ef6006d','history-task','历史','历史',49,NULL,'system',NULL)
,('297e690f66e3a4d30166e3a5cb84009f','297e690f66e3a4d30166e3a59ef6006d','next','下一页','下一页',50,NULL,'system',NULL)
,('297e690f66e3a4d30166e3a5cc5b00a0','297e690f66e3a4d30166e3a59ef6006d','save','保存','保存',51,NULL,'system',NULL)
,('297e690f66e3a4d30166e3a5cd3600a1','297e690f66e3a4d30166e3a59ef6006d','idea','意见反馈','意见反馈',52,NULL,'system',NULL)
,('297e690f66e3a4d30166e3a5ce1700a2','297e690f66e3a4d30166e3a59ef6006d','up-arrow','上三角','上三角',53,NULL,'system',NULL)
,('297e690f66e3a4d30166e3a5cee900a3','297e690f66e3a4d30166e3a59e05006c','module.system','系统管理','系统管理',1,NULL,'system',NULL)
,('297e690f66e3a4d30166e3a5cfbd00a4','297e690f66e3a4d30166e3a59ef6006d','prev','上一页','上一页',54,NULL,'system',NULL)
,('297e690f66e3a4d30166e3a5d18700a5','297e690f66e3a4d30166e3a59ef6006d','expand','展开菜单','展开菜单',55,NULL,'system',NULL)
,('297e690f66e3a4d30166e3a5d28900a6','297e690f66e3a4d30166e3a59ef6006d','downarrow','向下箭头','向下箭头',56,NULL,'system',NULL)
,('297e690f66e3a4d30166e3a5d36900a7','297e690f66e3a4d30166e3a59ef6006d','wait-task','待办','待办',57,NULL,'system',NULL)
,('297e690f66e3a4d30166e3a5d44700a8','297e690f66e3a4d30166e3a59ef6006d','msghome','消息中心','消息中心',58,NULL,'system',NULL)
,('297e690f66e3a4d30166e3a5d51900a9','297e690f66e3a4d30166e3a59ef6006d','carema','照相机','照相机',59,NULL,'system',NULL)
,('297e690f66e3a4d30166e3a5d70800aa','297e690f66e3a4d30166e3a59ef6006d','cmdb','配置','配置',60,NULL,'system',NULL)
,('297e690f66e3a4d30166e3a5d80800ab','297e690f66e3a4d30166e3a59ef6006d','report','报表','报表',61,NULL,'system',NULL)
,('297e690f66e3a4d30166e3a5d8d800ac','297e690f66e3a4d30166e3a59ef6006d','text','text','text',62,NULL,'system',NULL)
,('297e690f66e3a4d30166e3a5d9ad00ad','297e690f66e3a4d30166e3a59ef6006d','pen','编辑','编辑',63,NULL,'system',NULL)
,('297e690f66e3a4d30166e3a5da8400ae','297e690f66e3a4d30166e3a59ef6006d','form','表单管理','表单管理',64,NULL,'system',NULL)
,('297e690f66e3a4d30166e3a5dbe700af','297e690f66e3a4d30166e3a59ef6006d','serve','服务器','服务器',65,NULL,'system',NULL)
,('297e690f66e3a4d30166e3a5dcba00b0','297e690f66e3a4d30166e3a59ef6006d','circle-checked','圆形选中','圆形选中',66,NULL,'system',NULL)
,('297e690f66e3a4d30166e3a5dda000b1','297e690f66e3a4d30166e3a59ef6006d','see','查看','查看',67,NULL,'system',NULL)
,('297e690f66e3a4d30166e3a5de8d00b2','297e690f66e3a4d30166e3a59ef6006d','done-task','已办事项','已办事项',68,NULL,'system',NULL)
,('297e690f66e3a4d30166e3a5df6600b3','297e690f66e3a4d30166e3a59ef6006d','index','首页','首页',69,NULL,'system',NULL)
,('297e690f66e3a4d30166e3a5e05d00b4','297e690f66e3a4d30166e3a59ef6006d','lfarrow','向左箭头','向左箭头',70,NULL,'system',NULL)
,('297e690f66e3a4d30166e3a5e21900b5','297e690f66e3a4d30166e3a59ef6006d','workflow','流程管理','流程管理',71,NULL,'system',NULL)
,('297e690f66e3a4d30166e3a5e30f00b6','297e690f66e3a4d30166e3a59ef6006d','app','app','app',72,NULL,'system',NULL)
,('297e690f66e3a4d30166e3a5e40d00b7','297e690f66e3a4d30166e3a59ef6006d','expand-all','收缩（弹出）','收缩（弹出）',73,NULL,'system',NULL)
,('297e690f66e3a4d30166e3a5e51800b8','297e690f66e3a4d30166e3a59ef6006d','max','最大化','最大化',74,NULL,'system',NULL)
,('297e690f66e3a4d30166e3a5e61900b9','297e690f66e3a4d30166e3a59ef6006d','collect','收藏','收藏',75,NULL,'system',NULL)
,('297e690f66e3a4d30166e3a5e71a00ba','297e690f66e3a4d30166e3a59ef6006d','unchecked','方形未选中','方形未选中',76,NULL,'system',NULL)
,('297e690f66e3a4d30166e3a5e81c00bb','297e690f66e3a4d30166e3a59ef6006d','delete','垃圾箱','垃圾箱',77,NULL,'system',NULL)
,('297e690f66e3a4d30166e3a5e91300bc','297e690f66e3a4d30166e3a59ef6006d','audit-collection','汇总','汇总',78,NULL,'system',NULL)
,('297e690f66e3a4d30166e3a5ea1400bd','297e690f66e3a4d30166e3a59ef6006d','edit','编辑中','编辑中',79,NULL,'system',NULL)
,('297e690f66e3a4d30166e3a5eae700be','297e690f66e3a4d30166e3a59e05006c','module.other','其他','其他',2,NULL,'system',NULL)
,('297e690f66e3a4d30166e3a5ebe200bf','297e690f66e3a4d30166e3a59ef6006d','up','上翻','上翻',80,NULL,'system',NULL)
,('297e690f66e3a4d30166e3a5ecec00c0','297e690f66e3a4d30166e3a59ef6006d','lock','锁','锁',81,NULL,'system',NULL)
,('297e690f66e3a4d30166e3a5edc800c1','297e690f66e3a4d30166e3a59ef6006d','task','任务','任务',82,NULL,'system',NULL)
,('297e690f66e3a4d30166e3a5ee9f00c2','297e690f66e3a4d30166e3a59ef6006d','circle-unchecked','圆形未选中','圆形未选中',83,NULL,'system',NULL)
,('297e690f66e3a4d30166e3a5ef8300c3','297e690f66e3a4d30166e3a59ef6006d','client','客户端图标','客户端图标icon-06',84,NULL,'system',NULL)
,('297e690f66e3a4d30166e3a5f07100c4','297e690f66e3a4d30166e3a59ef6006d','upload','上传','上传',85,NULL,'system',NULL)
,('297e690f66e3a4d30166e3a5f14400c5','297e690f66e3a4d30166e3a59ef6006d','help','帮助','帮助',86,NULL,'system',NULL)
,('297e690f66e3a4d30166e3a5f21a00c6','297e690f66e3a4d30166e3a59ef6006d','flow','流程管理','流程管理',87,NULL,'system',NULL)
,('297e690f66e3a4d30166e3a5f2ec00c7','297e690f66e3a4d30166e3a59ef6006d','finish','完成','完成',88,NULL,'system',NULL)
,('297e690f66e3a4d30166e3a5f3c500c8','297e690f66e3a4d30166e3a59ef6006d','yonghu','用户1','用户1',89,NULL,'system',NULL)
,('297e690f66e3a4d30166e3a5f49900c9','297e690f66e3a4d30166e3a59ef6006d','prompt','提示','提示',90,NULL,'system',NULL)
,('297e690f66e3a4d30166e3a5f5ec00ca','297e690f66e3a4d30166e3a59ef6006d','user','用户','用户',91,NULL,'system',NULL)
,('297e690f66e3a4d30166e3a5f6c100cb','297e690f66e3a4d30166e3a59ef6006d','server','云端管理','云端管理',92,NULL,'system',NULL)
,('297e690f66e3a4d30166e3a5f79500cc','297e690f66e3a4d30166e3a59ef6006d','exit','开关','开关',93,NULL,'system',NULL)
,('297e690f66e3a4d30166e3a5f86f00cd','297e690f66e3a4d30166e3a59ef6006d','checked','方形选中','方形选中',94,NULL,'system',NULL)
,('297e690f66e3a4d30166e3a5f94900ce','297e690f66e3a4d30166e3a59ef6006d','filt','筛选','筛选',95,NULL,'system',NULL)
,('297e690f66e3a4d30166e3a5fa1d00cf','297e690f66e3a4d30166e3a59ef6006d','limit','权限','权限',96,NULL,'system',NULL)
,('297e690f66e3a4d30166e3a5faf000d0','297e690f66e3a4d30166e3a59ef6006d','sound','声音','声音',97,NULL,'system',NULL)
,('297e690f66e3a4d30166e3a5fbc100d1','297e690f66e3a4d30166e3a59ef6006d','tag','标签','标签',98,NULL,'system',NULL)
,('297e690f66e3a4d30166e3a5fc9c00d2','297e690f66e3a4d30166e3a59ef6006d','role-screen','首屏','首屏',99,NULL,'system',NULL)
,('297e690f66e3a4d30166e3a5fd7100d3','297e690f66e3a4d30166e3a59ef6006d','role-map1','用户设置','用户设置',100,NULL,'system',NULL)
,('297e690f66e3a4d30166e3a63e9d00f9',NULL,'org.bank.flag','银行标志','机构银行标志',8,NULL,'system',NULL)
,('297e690f66e3a4d30166e3a63f5c00fa',NULL,'org.type','机构类型','机构类型',9,NULL,'system',NULL)
,('297e690f66e3a4d30166e3a6401b00fb','297e690f66e3a4d30166e3a63f5c00fa','second_branch','二级支行','二级支行',1,NULL,'system',NULL)
,('297e690f66e3a4d30166e3a640df00fc','297e690f66e3a4d30166e3a63f5c00fa','head','总行','总行',2,NULL,'system',NULL)
,('297e690f66e3a4d30166e3a641a000fd','297e690f66e3a4d30166e3a63f5c00fa','bureau','办事处','办事处',3,NULL,'system',NULL)
,('297e690f66e3a4d30166e3a6425f00fe','297e690f66e3a4d30166e3a63f5c00fa','branch','支行','支行',4,NULL,'system',NULL)
,('297e690f66e3a4d30166e3a6431f00ff','297e690f66e3a4d30166e3a63e9d00f9','u','非银行','非银行',1,NULL,'system',NULL)
,('297e690f66e3a4d30166e3a643dd0100','297e690f66e3a4d30166e3a63f5c00fa','department','部门','部门',5,NULL,'system',NULL)
,('297e690f66e3a4d30166e3a644a20101','297e690f66e3a4d30166e3a63e9d00f9','v','村镇银行','村镇银行',2,NULL,'system',NULL)
,('297e690f66e3a4d30166e3a645640102','297e690f66e3a4d30166e3a63f5c00fa','outlet','网点','网点',6,NULL,'system',NULL)
,('297e690f66e3a4d30166e3a646260103','297e690f66e3a4d30166e3a63e9d00f9','b','商业银行','商业银行',3,NULL,'system',NULL)
,('297e690f66e3a4d30166e3a646e30104','297e690f66e3a4d30166e3a63f5c00fa','sunyard','省联社','省联社',7,NULL,'system',NULL)
,('2c9085dd65d1e8d50165d1fe28d78473',NULL,'mdhome.commentType','评论类型','评论类型',1,NULL,'general',NULL)
,('2c9085dd65d1e8d50165d1ff2d308837','2c9085dd65d1e8d50165d1fe28d78473','meta_rating','元数据点评','元数据点评',1,NULL,'general',NULL)
,('2c9085dd65d1e8d50165d1ff7a908499','2c9085dd65d1e8d50165d1fe28d78473','question','爱问','爱问',3,NULL,'general',NULL)
,('2c9085dd65d1e8d50165d1ff7a909f83',NULL,'mdhome.commentStatus','评论状态','评论状态',1,NULL,'general',NULL)
,('2c9085dd65d1e8d50165d1ff7a908ge7','2c9085dd65d1e8d50165d1ff7a909f83','pending_audit','待审核','待审核',1,NULL,'general',NULL)
,('2c9085dd65d1e8d50165d1ff7a900v7b','2c9085dd65d1e8d50165d1ff7a909f83','audit_passed','审核通过','审核通过',2,NULL,'general',NULL)
,('2c9085dd65d1e8d50165d1ff7a902n31','2c9085dd65d1e8d50165d1ff7a909f83','audit_refused','审核驳回','审核驳回',3,NULL,'general',NULL)
,('2c9085dd65d1e8d50165d1ff2d302887','2c9085dd65d1e8d50165d1fe28d78473','rating_reply','点评的回复','点评的回复',2,NULL,'general',NULL)
,('2c9085dd65d1e8d50165d1ff7a901na7','2c9085dd65d1e8d50165d1fe28d78473','best_answer','最佳答案','最佳答案',5,NULL,'general',NULL)
,('2c9085dd65d1e8d50165d1ff7a90121a','2c9085dd65d1e8d50165d1ff7a909f83','audit_delete','已删除','已删除',4,NULL,'general',NULL)
,('2c9085di8ed1e8d50165d1ff7a90118d',NULL,'mdhome.collectType','收藏类型','收藏类型',1,NULL,'general',NULL)
,('2c9085dd65d1e8d50165d1ff7a90118d','2c9085dd65d1e8d50165d1fe28d78473','answer','爱问回复','爱问回复',4,NULL,'general',NULL)
,('2c9085di8ed1e8d50165d1ff7a9009di','2c9085di8ed1e8d50165d1ff7a90118d','metadata','元数据','元数据',1,NULL,'general',NULL)
,('297e84a767d0937a0167d09a6ab6003c',NULL,'mdhome.metaClass','全部分类','全部分类',2,NULL,'general',NULL)
,('297e84a767d0937a0167d09b9c090042','297e84a767d0937a0167d09a6ab6003c','database.Database','数据库','数据库',1,NULL,'general',NULL)
,('2c91808567dbf3690167dc43e3f90629','297e84a767d0937a0167d09a6ab6003c','cn.gov.pbc.mdmp.resource.relational.Schema','Schema','Schema',2,NULL,'general',NULL)
,('2c91808567dbf3690167dc43e41c062f','297e84a767d0937a0167d09a6ab6003c','cn.gov.pbc.mdmp.resource.relational.Table','表','表',3,NULL,'general',NULL)
,('2c91808567dbf3690167dc43e41c0631','297e84a767d0937a0167d09a6ab6003c','report.Report','报表','报表',4,NULL,'general',NULL)
,('2c91808567dbf3690167dc43e41c0630','297e84a767d0937a0167d09a6ab6003c','cn.gov.pbc.mdmp.resource.relational.View','视图','视图',5,NULL,'general',NULL)
,('2c91808567dbf3690167dc43e4230636','297e84a767d0937a0167d09a6ab6003c','cn.gov.pbc.mdmp.resource.relational.Column','字段','字段',6,NULL,'general',NULL)
,('2c91808567dbf3690167dc43e4230638','297e84a767d0937a0167d09a6ab6003c','report.KeyIndicator','关键指标','关键指标',7,NULL,'general',NULL)
,('2c91808567dbf3690167dc43e42c063b','297e84a767d0937a0167d09a6ab6003c','report.Dimension','维度','维度',8,NULL,'general',NULL)
,('2c91808567dbf3690167dc43e446063e','297e84a767d0937a0167d09a6ab6003c','business.Indicator','指标','指标',9,NULL,'general',NULL)
,('2c91808567dbf3690167dc43e44e0642','297e84a767d0937a0167d09a6ab6003c','business.CommonStatisticsRule','公共统计规则','公共统计规则',10,NULL,'general',NULL)
,('2c91808567dbf3690167dc43e44f0645','297e84a767d0937a0167d09a6ab6003c','business.BusinessGlossary','业务术语','业务术语',11,NULL,'general',NULL)
;


--权限表
INSERT INTO FAP_AUTH_CODE (AUTH_CODE_ID,CODE,AUTH_TYPE,AUTH_NAME,AUTH_DESC,IS_SCOPE,BELONGTOSYS,IS_GENERAL,MASK_CODE,DISABLED) VALUES 
('ff80808168370d330168370d5aa30038','BIZLOG_MANAGER','type.system','日志查询（管理员）','管理员查询业务日志',0,'FAP平台',0,'xrwa',0)
,('ff80808168370d330168370d5b320049','PARAMS_MANAGER','type.system','参数管理','参数管理提供基于fap平台开发的业务以及插件的功能，对功能模块进行动态配置化管理',0,'FAP平台',0,'xrwa',0)
,('ff80808168370d330168370d5b36004a','GENERA_PARAMS_MANAGER','type.system','行社通级参数管理','行社通级参数提供基于fap平台开发的业务以及插件的功能，对功能模块进行动态配置化管理',0,'FAP平台',0,'xrwa',0)
,('ff80808168370d330168370d5b3a004b','ORG_PARAMS_MANAGER','type.system','机构级参数管理','机构级系统参数提供基于fap平台开发的业务以及插件的功能，对功能模块进行动态配置化管理',0,'FAP平台',0,'xrwa',0)
,('ff80808168370d330168370d5b3f004c','SYS_PARAMS_MANAGER','type.system','系统级参数管理','系统级参数提供基于fap平台开发的业务以及插件的功能，对功能模块进行动态配置化管理',0,'FAP平台',0,'xrwa',0)
,('ff80808168370d330168370d5b57004e','DICTIONARY_MANAGER','type.system','字典管理','提供开发人员的基码数据类型以及业务可能配置参数管理',0,'FAP平台',0,'xrwa',0)
,('ff80808168370d330168370d5b5b004f','SYSTEM_DICTIONARY_MANAGER','type.system','机构级字典管理','系统级字典管理提供开发人员的基码数据类型以及业务可能配置参数管理',0,'FAP平台',0,'xrwa',0)
,('ff80808168370d330168370d5b5e0050','GENERAL_DICTIONARY_MANAGER','type.system','通用级字典管理','通用级字典管理提供开发人员的基码数据类型以及业务可能配置参数管理',0,'FAP平台',0,'xrwa',0)
,('ff80808168370d330168370d5b620051','ORG_DICTIONARY_MANAGER','type.system','机构级字典管理','机构级字典管理提供开发人员的基码数据类型以及业务可能配置参数管理',0,'FAP平台',0,'xrwa',0)
,('ff80808168370d330168370d64050060','AUTH_MANAGER','type.system','权限注册','本功能用于开发人员完成功能开发后，需要对功能绑定的权限进行注册，完成权限注册后，可以在功能注册中给功能配置权限。',0,'FAP平台',0,'xrwa',0)
,('ff80808168370d330168370d64090061','FUNCTION_MANAGER','type.system','功能注册','用于开发人员新功能开发完成后，该功能注册到平台',0,'FAP平台',0,'xrwa',0)
,('ff80808168370d330168370d640e0062','ROLE_MANAGER','type.system','角色管理','省联社系统管理员给系统全局设定角色',0,'FAP平台',1,'-rwa',0)
,('ff80808168370d330168370d64130063','SCOPE_GROUP_MANAGER','type.system','范围域组管理','用于开发人员对范围域组的管理',0,'FAP平台',0,'xrwa',0)
,('ff80808168370d330168370d64170064','POSITION_MANAGER','type.system','岗位管理','省联社系统管理员给系统全局设定岗位',0,'FAP平台',1,'-rwa',0)
,('ff80808168370d330168370d67fb00d4','PLUGIN_REGISTRY','type.system','插件中心','验证插件中心操作的权限',0,'FAP平台',0,'----',0)
,('ff80808168370d330168370d680200d5','MENU_MANAGER','type.system','菜单管理','验证菜单操作的权限',0,'FAP平台',0,'xrwa',0)
,('ff80808168370d330168370d76700105','USER_MANAGER','type.system','用户管理','用户管理',0,'FAP平台',1,'-rwa',0)
,('ff80808168370d330168370d76740106','CUSTOM_SCREEN_MANAGER','type.system','自定义字段界面配置','自定义字段界面配置',0,'FAP平台',0,'xrwa',0)
,('ff80808168370d330168370d76770107','ORG_MANAGER','type.system','机构管理','机构管理',0,'FAP平台',1,'-rwa',0)
,('ff80808168370d330168370d767a0108','CUSTOM_FIELD_MANAGER','type.system','自定义字段管理','自定义字段管理',0,'FAP平台',0,'xrwa',0)
,('ff80808168370d330168370d7806010d','LOGIN_STATISTICS','type.system','系统登录概况','查看系统登录情况的权限',0,'FAP平台',0,'xrwa',0)
,('ff808081683a9b3601683a9e0b420047','BULLETIN_READ_RECORD','type.system','公告阅读记录','系统管理员查看所有公告阅读记录',0,'FAP平台',0,'----',0)
,('ff808081683a9b3601683a9e0b4a0048','BULLETIN_MANAGER','type.system','公告管理','系统管理员对公告进行管理',0,'FAP平台',0,'----',0)
,('ff808081683a9b3601683a9e0b4f0049','BULLETIN_LIST','type.system','公告查询','用户查询可阅读的公告',0,'FAP平台',0,'----',0)
,('2c8182f66a2f1458016a2f154d070021','HELP_MANAGER','type.system','学习中心','学习中心',0,'FAP平台',1,'-rw-',0)
,('2c81e4e16a6380b2016a63852959007d','AUDIT_METADATA','type.other','元数据点评审核','元数据点评审核权限。',1,'元数据之家',0,'xrwa',0)
,('297e84a76a67ddc5016a67f2fee10044','PBC_ADMIN','type.system','人行管理员','南宁人民银行的管理员',1,'元数据之家',0,'xrwa',0)
;

--功能表
INSERT INTO FAP_FUNCTION (FUNCTION_ID,PARENT_ID,FUNC_NAME,FUNC_DESC,FUNC_URL,FUNC_ICON,MODULE) VALUES 
('ff80808168370d330168370d64410065',NULL,'系统管理','系统管理','','nav-default',NULL)
,('ff80808168370d330168370d645b0066','ff80808168370d330168370d64410065','权限管理','权限管理','/auth/code/list','relevance',NULL)
,('ff80808168370d330168370d64780067','ff80808168370d330168370d64410065','功能管理','功能管理','/function/list','grid',NULL)
,('ff80808168370d330168370d64870068','ff80808168370d330168370d64410065','角色管理','角色管理','/role/list','clent',NULL)
,('ff80808168370d330168370d64970069','ff80808168370d330168370d64410065','范围域组管理','范围域组管理','/scope/group/list','clent',NULL)
,('ff80808168370d330168370d64a5006a','ff80808168370d330168370d64410065','岗位管理','岗位管理','/role/position/list','clent',NULL)
,('ff80808168370d330168370d7826010e','ff80808168370d330168370d64410065','日志查询','日志查询','/bizlog/list','journal',NULL)
,('ff80808168370d330168370d78a4011c','ff80808168370d330168370d64410065','字典管理','字典管理','/dictionary/list','record',NULL)
,('ff80808168370d330168370d78f3012d','ff80808168370d330168370d64410065','菜单管理','菜单管理','/menu/manager','menu',NULL)
,('ff80808168370d330168370d7900012e','ff80808168370d330168370d64410065','插件中心','FAP插件管理中心','plugin/registry','registry',NULL)
,('ff80808168370d330168370d791f012f','ff80808168370d330168370d64410065','用户管理','用户管理','/user/list','customer_setup',NULL)
,('ff80808168370d330168370d79290130','ff80808168370d330168370d64410065','机构管理','机构管理','/organization/view','customer_setup',NULL)
,('ff80808168370d330168370d79370131','ff80808168370d330168370d64410065','自定义字段管理','自定义字段管理','/customfield/list','customer_setup',NULL)
,('ff80808168370d330168370d79400132','ff80808168370d330168370d64410065','自定义字段界面配置','自定义字段界面配置','/screen/list','customer_setup',NULL)
,('ff808081683a9b3601683a9e0b91004b','ff80808168370d330168370d64410065','公告管理','公告管理','/bulletin/manager','editor',NULL)
,('ff808081683a9b3601683a9e0bbf004c','ff80808168370d330168370d64410065','公告查询','公告查询','/bulletin/list','query_o',NULL)
,('ff808081683a9b3601683a9e0bcf004d','ff80808168370d330168370d64410065','公告阅读记录','公告阅读记录','/bulletin/read/record','record_o',NULL)
,('2c8182f66a2f1458016a2f154e4e0022',NULL,'学习中心','学习中心','/help/initMenuTree','nav-list',NULL)
,('2c81e4e16a6380b2016a6385fa930088',NULL,'元数据之家','元数据之家','','uparrow',NULL)
;

--功能-权限中间表
INSERT INTO FAP_FUNC_AUTH_RELA (FUNCTION_ID,AUTH_CODE_ID) VALUES 
('2c8182f66a2f1458016a2f154e4e0022','2c8182f66a2f1458016a2f154d070021')
,('2c81e4e16a6380b2016a6385fa930088','297e84a76a67ddc5016a67f2fee10044')
,('2c81e4e16a6380b2016a6385fa930088','2c8182f66a2f1458016a2f154d070021')
,('2c81e4e16a6380b2016a6385fa930088','2c81e4e16a6380b2016a63852959007d')
,('2c81e4e16a6380b2016a6385fa930088','ff80808168370d330168370d5aa30038')
,('2c81e4e16a6380b2016a6385fa930088','ff80808168370d330168370d5b320049')
,('2c81e4e16a6380b2016a6385fa930088','ff80808168370d330168370d5b36004a')
,('2c81e4e16a6380b2016a6385fa930088','ff80808168370d330168370d5b3a004b')
,('2c81e4e16a6380b2016a6385fa930088','ff80808168370d330168370d5b3f004c')
,('2c81e4e16a6380b2016a6385fa930088','ff80808168370d330168370d5b57004e')
,('2c81e4e16a6380b2016a6385fa930088','ff80808168370d330168370d5b5b004f')
,('2c81e4e16a6380b2016a6385fa930088','ff80808168370d330168370d5b5e0050')
,('2c81e4e16a6380b2016a6385fa930088','ff80808168370d330168370d5b620051')
,('2c81e4e16a6380b2016a6385fa930088','ff80808168370d330168370d64050060')
,('2c81e4e16a6380b2016a6385fa930088','ff80808168370d330168370d64090061')
,('2c81e4e16a6380b2016a6385fa930088','ff80808168370d330168370d640e0062')
,('2c81e4e16a6380b2016a6385fa930088','ff80808168370d330168370d64130063')
,('2c81e4e16a6380b2016a6385fa930088','ff80808168370d330168370d64170064')
,('2c81e4e16a6380b2016a6385fa930088','ff80808168370d330168370d67fb00d4')
,('2c81e4e16a6380b2016a6385fa930088','ff80808168370d330168370d680200d5')
,('2c81e4e16a6380b2016a6385fa930088','ff80808168370d330168370d76700105')
,('2c81e4e16a6380b2016a6385fa930088','ff80808168370d330168370d76740106')
,('2c81e4e16a6380b2016a6385fa930088','ff80808168370d330168370d76770107')
,('2c81e4e16a6380b2016a6385fa930088','ff80808168370d330168370d767a0108')
,('2c81e4e16a6380b2016a6385fa930088','ff80808168370d330168370d7806010d')
,('2c81e4e16a6380b2016a6385fa930088','ff808081683a9b3601683a9e0b420047')
,('2c81e4e16a6380b2016a6385fa930088','ff808081683a9b3601683a9e0b4a0048')
,('2c81e4e16a6380b2016a6385fa930088','ff808081683a9b3601683a9e0b4f0049')
,('ff80808168370d330168370d645b0066','ff80808168370d330168370d64050060')
,('ff80808168370d330168370d64780067','ff80808168370d330168370d64090061')
,('ff80808168370d330168370d64870068','ff80808168370d330168370d640e0062')
,('ff80808168370d330168370d64970069','ff80808168370d330168370d64130063')
,('ff80808168370d330168370d64a5006a','ff80808168370d330168370d64170064')
,('ff80808168370d330168370d7826010e','ff80808168370d330168370d5aa30038')
,('ff80808168370d330168370d78a4011c','ff80808168370d330168370d5b57004e')
,('ff80808168370d330168370d78f3012d','ff80808168370d330168370d680200d5')
,('ff80808168370d330168370d7900012e','ff80808168370d330168370d67fb00d4')
,('ff80808168370d330168370d791f012f','ff80808168370d330168370d76700105')
,('ff80808168370d330168370d79290130','ff80808168370d330168370d76770107')
,('ff80808168370d330168370d79370131','ff80808168370d330168370d767a0108')
,('ff80808168370d330168370d79400132','ff80808168370d330168370d76740106')
,('ff808081683a9b3601683a9e0b91004b','ff808081683a9b3601683a9e0b4a0048')
,('ff808081683a9b3601683a9e0bbf004c','ff808081683a9b3601683a9e0b4f0049')
,('ff808081683a9b3601683a9e0bcf004d','ff808081683a9b3601683a9e0b420047')
;
