
--重组元模型
CALL SYSPROC.ADMIN_CMD('REORG TABLE Mdmp_Candidate_Value');
CALL SYSPROC.ADMIN_CMD('REORG TABLE Mdmp_Multiplicity');
CALL SYSPROC.ADMIN_CMD('REORG TABLE Mdmp_Cls_Attribute');
CALL SYSPROC.ADMIN_CMD('REORG TABLE Mdmp_Package');
CALL SYSPROC.ADMIN_CMD('REORG TABLE Mdmp_Class');
CALL SYSPROC.ADMIN_CMD('REORG TABLE Mdmp_Cls_Relation');
CALL SYSPROC.ADMIN_CMD('REORG TABLE Mdmp_Ref_Super_Class');


--删除元模型相关信息
DELETE FROM Mdmp_Candidate_Value;
DELETE FROM Mdmp_Multiplicity;
DELETE FROM Mdmp_Cls_Attribute;
DELETE FROM Mdmp_Cls_Relation;
DELETE FROM Mdmp_Ref_Super_Class;
DELETE FROM MDMP_CLASS;
DELETE FROM MDMP_PACKAGE;


--元模型包

INSERT INTO MDMP_PACKAGE (PACKAGE_ID,PARENT_PACKAGE_ID,NAME,"ALIAS",ISSUE_VERSION) VALUES 
('ff808081675478e201675929903f01f3',NULL,'cn','cn',NULL)
,('ff80808167597b7f016759995e06003c','ff808081675478e201675929903f01f3','gov','gov',NULL)
,('ff80808167597b7f01675999a4fd0042','ff80808167597b7f016759995e06003c','pbc','pbc',NULL)
,('ff80808167597b7f0167599a35d10048','ff80808167597b7f01675999a4fd0042','mdmp','mdmp',NULL)
,('ff80808167597b7f0167599b62ca004e','ff80808167597b7f0167599a35d10048','behavioral','behavioral',NULL)
,('ff80808167597b7f0167599bd01a0054','ff80808167597b7f0167599a35d10048','core','core',NULL)
,('ff80808167597b7f0167599c7a75005a','ff80808167597b7f0167599a35d10048','keyindexes','keyindexes',NULL)
,('ff80808167597b7f0167599cdcd70060','ff80808167597b7f0167599a35d10048','mapping','mapping',NULL)
,('ff80808167597b7f0167599d2c010066','ff80808167597b7f0167599a35d10048','resource','resource',NULL)
,('ff80808167597b7f0167599de293006c','ff80808167597b7f0167599a35d10048','transformation','transformation',NULL)
,('ff808081675d182801675d6306360142','ff80808167597b7f0167599d2c010066','record','record',NULL)
,('ff808081675d182801675d63bd550148','ff80808167597b7f0167599d2c010066','relational','relational',NULL)
,('ff808081675d182801675deab87c04ba',NULL,'nosql','nosql',NULL)
,('ff808081675d182801675e2499be0533',NULL,'etl','ETL包',NULL)
,('ff808081675d182801675e3c197405c0',NULL,'system','系统包',NULL)
,('ff808081675d182801675e3f66d805f6',NULL,'bigdata','大数据包',NULL)
,('ff808081675d182801675e412d830614','ff808081675d182801675e3f66d805f6','hbase','HBase包',NULL)
,('ff808081675d182801675e572053074c',NULL,'mq','消息队列包',NULL)
,('ff808081675d182801675e611ab0081c',NULL,'business','业务元数据包',NULL)
,('ff808081675d182801675e6d3e0008f5',NULL,'authorize','权限包',NULL)
,('ff808081675e727401675e7b74d700e9','ff808081675d182801675e3f66d805f6','hdfs','Hdfs包',NULL)
,('ff808081675e727401675e8184b901e8',NULL,'log','日志包',NULL)
,('ff808081675e727401675e830725022b','ff808081675d182801675e3f66d805f6','hive','Hive包',NULL)
,('ff808081675e727401675e94d8be0359',NULL,'quality','数据质量包',NULL)
,('ff808081675e727401675eac1e0204ff',NULL,'resources','应用资源包',NULL)
,('ff808081675e727401675ed365f406a1',NULL,'datamodel','数据模型包',NULL)
,('ff808081675e727401675ee448e207a1',NULL,'report','报表包',NULL)
,('ff808081675e72740167620ec36f0c3e',NULL,'database','关系数据库包',NULL)
;



--元模型

INSERT INTO MDMP_CLASS (CLASS_ID,PACKAGE_ID,NAME,"ALIAS",ICON,MEMO,VISIBILITY,CHANGEABILITY,DEPRECATED,ISSUE_VERSION,IS_ABSTRACT,EDITABLE,FULLNAME,CREATOR,GMT_CREATE,MODIFIER,GMT_MODIFY) VALUES 
('ff80808167597b7f016759a2b6ce0076','ff80808167597b7f0167599bd01a0054','ModelElement','模型元素',NULL,'','public',1,0,NULL,0,NULL,'cn.gov.pbc.mdmp.core.ModelElement','admin','2019-01-01 00:00:00.000000','admin','2019-01-01 00:00:00.000000')
,('ff80808167597b7f016759a59bfb007a','ff80808167597b7f0167599bd01a0054','AbstractAllowCreateDiagram','可建示意图',NULL,'','public',1,0,NULL,0,NULL,'cn.gov.pbc.mdmp.core.AbstractAllowCreateDiagram','admin','2019-01-01 00:00:00.000000','admin','2019-01-01 00:00:00.000000')
,('ff808081675d182801675d20897d0032','ff80808167597b7f0167599bd01a0054','AbstractRoot','抽象根目录',NULL,'','public',1,0,NULL,0,NULL,'cn.gov.pbc.mdmp.core.AbstractRoot','admin','2019-01-01 00:00:00.000000','admin','2019-01-01 00:00:00.000000')
,('ff808081675d182801675d220b76003d','ff80808167597b7f0167599bd01a0054','AbstractStaticDirectory','固定目录',NULL,'','public',1,0,NULL,0,NULL,'cn.gov.pbc.mdmp.core.AbstractStaticDirectory','admin','2019-01-01 00:00:00.000000','admin','2019-01-01 00:00:00.000000')
,('ff808081675d182801675d23ef0f0058','ff80808167597b7f0167599bd01a0054','ExtendClassfication','可扩展分类',NULL,'','public',1,0,NULL,0,NULL,'cn.gov.pbc.mdmp.core.ExtendClassfication','admin','2019-01-01 00:00:00.000000','admin','2019-01-01 00:00:00.000000')
,('ff808081675d182801675d25ef9d0061','ff80808167597b7f0167599bd01a0054','RespectiveDataStandard','所属数据标准',NULL,'','public',1,0,NULL,0,NULL,'cn.gov.pbc.mdmp.core.RespectiveDataStandard','admin','2019-01-01 00:00:00.000000','admin','2019-01-01 00:00:00.000000')
,('ff808081675d182801675d2aa8dc006c','ff80808167597b7f0167599bd01a0054','RespectiveDataModel','所属数据模型',NULL,'','public',1,0,NULL,0,NULL,'cn.gov.pbc.mdmp.core.RespectiveDataModel','admin','2019-01-01 00:00:00.000000','admin','2019-01-01 00:00:00.000000')
,('ff808081675d182801675d2be2da0075','ff80808167597b7f0167599bd01a0054','Classifier','表、文件',NULL,'','public',1,0,NULL,0,NULL,'cn.gov.pbc.mdmp.core.Classifier','admin','2019-01-01 00:00:00.000000','admin','2019-01-01 00:00:00.000000')
,('ff808081675d182801675d2cfdd6007e','ff80808167597b7f0167599bd01a0054','StructuralFeature','具有结构的字段、属性',NULL,'','public',1,0,NULL,0,NULL,'cn.gov.pbc.mdmp.core.StructuralFeature','admin','2019-01-01 00:00:00.000000','admin','2019-01-01 00:00:00.000000')
,('ff808081675d182801675d2dbbaf0087','ff80808167597b7f0167599bd01a0054','Class','类',NULL,'','public',1,0,NULL,0,NULL,'cn.gov.pbc.mdmp.core.Class','admin','2019-01-01 00:00:00.000000','admin','2019-01-01 00:00:00.000000')
,('ff808081675d182801675d2f09420090','ff80808167597b7f0167599bd01a0054','BelongSystem','所属系统',NULL,'','public',1,0,NULL,0,NULL,'cn.gov.pbc.mdmp.core.BelongSystem','admin','2019-01-01 00:00:00.000000','admin','2019-01-01 00:00:00.000000')
,('ff808081675d182801675d3059a70099','ff80808167597b7f0167599bd01a0054','ResponsibilityDepartment','责任部门',NULL,'','public',1,0,NULL,0,NULL,'cn.gov.pbc.mdmp.core.ResponsibilityDepartment','admin','2019-01-01 00:00:00.000000','admin','2019-01-01 00:00:00.000000')
,('ff808081675d182801675d316d6000a2','ff80808167597b7f0167599bd01a0054','Feature','字段、属性',NULL,'','public',1,0,NULL,0,NULL,'cn.gov.pbc.mdmp.core.Feature','admin','2019-01-01 00:00:00.000000','admin','2019-01-01 00:00:00.000000')
,('ff808081675d182801675d3c9bc700d2','ff80808167597b7f0167599b62ca004e','Parameter','参数',NULL,'','public',1,0,NULL,0,NULL,'cn.gov.pbc.mdmp.behavioral.Parameter','admin','2019-01-01 00:00:00.000000','admin','2019-01-01 00:00:00.000000')
,('ff808081675d182801675d3d351400db','ff80808167597b7f0167599b62ca004e','Operation','操作',NULL,'','public',1,0,NULL,0,NULL,'cn.gov.pbc.mdmp.behavioral.Operation','admin','2019-01-01 00:00:00.000000','admin','2019-01-01 00:00:00.000000')
,('ff808081675d182801675d5410150109','ff80808167597b7f0167599c7a75005a','UniqueKey','唯一键',NULL,'','public',1,0,NULL,0,NULL,'cn.gov.pbc.mdmp.keyindexes.UniqueKey','admin','2019-01-01 00:00:00.000000','admin','2019-01-01 00:00:00.000000')
,('ff808081675d182801675d54be720112','ff80808167597b7f0167599c7a75005a','Index','索引',NULL,'','public',1,0,NULL,0,NULL,'cn.gov.pbc.mdmp.keyindexes.Index','admin','2019-01-01 00:00:00.000000','admin','2019-01-01 00:00:00.000000')
,('ff808081675d182801675d55ceb3011b','ff80808167597b7f0167599c7a75005a','IndexFeature','索引特征',NULL,'','public',1,0,NULL,0,NULL,'cn.gov.pbc.mdmp.keyindexes.IndexFeature','admin','2019-01-01 00:00:00.000000','admin','2019-01-01 00:00:00.000000')
,('ff808081675d182801675d56ca7b0124','ff80808167597b7f0167599c7a75005a','KeyRelationship','键关系',NULL,'','public',1,0,NULL,0,NULL,'cn.gov.pbc.mdmp.keyindexes.KeyRelationship','admin','2019-01-01 00:00:00.000000','admin','2019-01-01 00:00:00.000000')
,('ff808081675d182801675d6657520152','ff808081675d182801675d6306360142','RecordFile','记录文件',NULL,'','public',1,0,NULL,0,NULL,'cn.gov.pbc.mdmp.resource.record.RecordFile','admin','2019-01-01 00:00:00.000000','admin','2019-01-01 00:00:00.000000')
,('ff808081675d182801675d672e9c015b','ff808081675d182801675d6306360142','RecordDef','记录定义',NULL,'','public',1,0,NULL,0,NULL,'cn.gov.pbc.mdmp.resource.record.RecordDef','admin','2019-01-01 00:00:00.000000','admin','2019-01-01 00:00:00.000000')
,('ff808081675d182801675d68a15c0164','ff808081675d182801675d6306360142','Field','字段',NULL,'','public',1,0,NULL,0,NULL,'cn.gov.pbc.mdmp.resource.record.Field','admin','2019-01-01 00:00:00.000000','admin','2019-01-01 00:00:00.000000')
,('ff808081675d182801675d6acac6016d','ff808081675d182801675d6306360142','FixeOffsetField','固定偏移字段',NULL,'','public',1,0,NULL,0,NULL,'cn.gov.pbc.mdmp.resource.record.FixeOffsetField','admin','2019-01-01 00:00:00.000000','admin','2019-01-01 00:00:00.000000')
,('ff808081675d182801675d79ddfc01b2','ff808081675d182801675d63bd550148','SqlIndex','索引',NULL,'','public',1,0,NULL,0,NULL,'cn.gov.pbc.mdmp.resource.relational.SqlIndex','admin','2019-01-01 00:00:00.000000','admin','2019-01-01 00:00:00.000000')
,('ff808081675d182801675d7af57901bb','ff808081675d182801675d63bd550148','CheckConstraint','检查约束',NULL,'','public',1,0,NULL,0,NULL,'cn.gov.pbc.mdmp.resource.relational.CheckConstraint','admin','2019-01-01 00:00:00.000000','admin','2019-01-01 00:00:00.000000')
,('ff808081675d182801675d7c96d501c4','ff808081675d182801675d63bd550148','SynonymsColumn','同义词字段',NULL,'','public',1,0,NULL,0,NULL,'cn.gov.pbc.mdmp.resource.relational.SynonymsColumn','admin','2019-01-01 00:00:00.000000','admin','2019-01-01 00:00:00.000000')
,('ff808081675d182801675d7d533d01cd','ff808081675d182801675d63bd550148','Column','字段',NULL,'','public',1,0,NULL,0,NULL,'cn.gov.pbc.mdmp.resource.relational.Column','admin','2019-01-01 00:00:00.000000','admin','2019-01-01 00:00:00.000000')
,('ff808081675d182801675d800a0201d6','ff808081675d182801675d63bd550148','CloumnSet','字段集',NULL,'','public',1,0,NULL,0,NULL,'cn.gov.pbc.mdmp.resource.relational.CloumnSet','admin','2019-01-01 00:00:00.000000','admin','2019-01-01 00:00:00.000000')
,('ff808081675d182801675d814ce001df','ff808081675d182801675d63bd550148','NamedColumnSet','命名字段集',NULL,'','public',1,0,NULL,0,NULL,'cn.gov.pbc.mdmp.resource.relational.NamedColumnSet','admin','2019-01-01 00:00:00.000000','admin','2019-01-01 00:00:00.000000')
,('ff808081675d182801675d820a8e01e8','ff808081675d182801675d63bd550148','Table','表',NULL,'','public',1,0,NULL,0,NULL,'cn.gov.pbc.mdmp.resource.relational.Table','admin','2019-01-01 00:00:00.000000','admin','2019-01-01 00:00:00.000000')
,('ff808081675d182801675d83203e01ed','ff808081675d182801675d63bd550148','Synonyms','同义词',NULL,'','public',1,0,NULL,0,NULL,'cn.gov.pbc.mdmp.resource.relational.Synonyms','admin','2019-01-01 00:00:00.000000','admin','2019-01-01 00:00:00.000000')
,('ff808081675d182801675d84485801f1','ff808081675d182801675d63bd550148','ForeignKey','外键',NULL,'','public',1,0,NULL,0,NULL,'cn.gov.pbc.mdmp.resource.relational.ForeignKey','admin','2019-01-01 00:00:00.000000','admin','2019-01-01 00:00:00.000000')
,('ff808081675d182801675d84f50201f5','ff808081675d182801675d63bd550148','PrimaryKey','主键',NULL,'','public',1,0,NULL,0,NULL,'cn.gov.pbc.mdmp.resource.relational.PrimaryKey','admin','2019-01-01 00:00:00.000000','admin','2019-01-01 00:00:00.000000')
,('ff808081675d182801675d85eb4b01f9','ff808081675d182801675d63bd550148','UniqueConstraint','唯一约束',NULL,'','public',1,0,NULL,0,NULL,'cn.gov.pbc.mdmp.resource.relational.UniqueConstraint','admin','2019-01-01 00:00:00.000000','admin','2019-01-01 00:00:00.000000')
,('ff808081675d182801675d86814c01fd','ff808081675d182801675d63bd550148','Partition','表分区',NULL,'','public',1,0,NULL,0,NULL,'cn.gov.pbc.mdmp.resource.relational.Partition','admin','2019-01-01 00:00:00.000000','admin','2019-01-01 00:00:00.000000')
,('ff808081675d182801675d8745b40201','ff808081675d182801675d63bd550148','Catalog','Catalog',NULL,'','public',1,0,NULL,0,NULL,'cn.gov.pbc.mdmp.resource.relational.Catalog','admin','2019-01-01 00:00:00.000000','admin','2019-01-01 00:00:00.000000')
,('ff808081675d182801675d8797a50205','ff808081675d182801675d63bd550148','Schema','Schema',NULL,'','public',1,0,NULL,0,NULL,'cn.gov.pbc.mdmp.resource.relational.Schema','admin','2019-01-01 00:00:00.000000','admin','2019-01-01 00:00:00.000000')
,('ff808081675d182801675d8810080209','ff808081675d182801675d63bd550148','Tigger','触发器',NULL,'','public',1,0,NULL,0,NULL,'cn.gov.pbc.mdmp.resource.relational.Tigger','admin','2019-01-01 00:00:00.000000','admin','2019-01-01 00:00:00.000000')
,('ff808081675d182801675d88814f020d','ff808081675d182801675d63bd550148','View','视图',NULL,'','public',1,0,NULL,0,NULL,'cn.gov.pbc.mdmp.resource.relational.View','admin','2019-01-01 00:00:00.000000','admin','2019-01-01 00:00:00.000000')
,('ff808081675d182801675dccab3303d6','ff80808167597b7f0167599de293006c','PrecedenceConstraint','优先约束',NULL,'','public',1,0,NULL,0,NULL,'cn.gov.pbc.mdmp.transformation.PrecedenceConstraint','admin','2019-01-01 00:00:00.000000','admin','2019-01-01 00:00:00.000000')
,('ff808081675d182801675d8a149c0215','ff808081675d182801675d63bd550148','FunctionParameter','函数参数',NULL,'','public',1,0,NULL,0,NULL,'cn.gov.pbc.mdmp.resource.relational.FunctionParameter','admin','2019-01-01 00:00:00.000000','admin','2019-01-01 00:00:00.000000')
,('ff808081675d182801675d8a746c0219','ff808081675d182801675d63bd550148','Function','函数',NULL,'','public',1,0,NULL,0,NULL,'cn.gov.pbc.mdmp.resource.relational.Function','admin','2019-01-01 00:00:00.000000','admin','2019-01-01 00:00:00.000000')
,('ff808081675d182801675d8b035d021d','ff808081675d182801675d63bd550148','Procedure','存储过程',NULL,'','public',1,0,NULL,0,NULL,'cn.gov.pbc.mdmp.resource.relational.Procedure','admin','2019-01-01 00:00:00.000000','admin','2019-01-01 00:00:00.000000')
,('ff808081675d182801675d8bd0e40221','ff808081675d182801675d63bd550148','ProcedureParameter','存储过程参数',NULL,'','public',1,0,NULL,0,NULL,'cn.gov.pbc.mdmp.resource.relational.ProcedureParameter','admin','2019-01-01 00:00:00.000000','admin','2019-01-01 00:00:00.000000')
,('ff808081675d182801675d8d30100229','ff808081675d182801675d63bd550148','Tablespace','表空间',NULL,'','public',1,0,NULL,0,NULL,'cn.gov.pbc.mdmp.resource.relational.Tablespace','admin','2019-01-01 00:00:00.000000','admin','2019-01-01 00:00:00.000000')
,('ff808081675d182801675d8db0d60232','ff808081675d182801675d63bd550148','Sequence','序列',NULL,'','public',1,0,NULL,0,NULL,'cn.gov.pbc.mdmp.resource.relational.Sequence','admin','2019-01-01 00:00:00.000000','admin','2019-01-01 00:00:00.000000')
,('ff808081675d182801675dcd956b03db','ff80808167597b7f0167599de293006c','FeatureMap','字段、属性级映射',NULL,'','public',1,0,NULL,0,NULL,'cn.gov.pbc.mdmp.transformation.FeatureMap','admin','2019-01-01 00:00:00.000000','admin','2019-01-01 00:00:00.000000')
,('ff808081675d182801675dceb44703e0','ff80808167597b7f0167599de293006c','DataObjectSet','数据对象集',NULL,'','public',1,0,NULL,0,NULL,'cn.gov.pbc.mdmp.transformation.DataObjectSet','admin','2019-01-01 00:00:00.000000','admin','2019-01-01 00:00:00.000000')
,('ff808081675d182801675dcfae1403e4','ff80808167597b7f0167599de293006c','StepPrecedence','步取优先级',NULL,'','public',1,0,NULL,0,NULL,'cn.gov.pbc.mdmp.transformation.StepPrecedence','admin','2019-01-01 00:00:00.000000','admin','2019-01-01 00:00:00.000000')
,('ff808081675d182801675dd1226b03e8','ff80808167597b7f0167599de293006c','ClassifierMap','表、文件级映射',NULL,'','public',1,0,NULL,0,NULL,'cn.gov.pbc.mdmp.transformation.ClassifierMap','admin','2019-01-01 00:00:00.000000','admin','2019-01-01 00:00:00.000000')
,('ff808081675d182801675dd1ee4d03ed','ff80808167597b7f0167599de293006c','TransformationTask','转换任务',NULL,'','public',1,0,NULL,0,NULL,'cn.gov.pbc.mdmp.transformation.TransformationTask','admin','2019-01-01 00:00:00.000000','admin','2019-01-01 00:00:00.000000')
,('ff808081675d182801675dd2817503f1','ff80808167597b7f0167599de293006c','Transformation','转换',NULL,'','public',1,0,NULL,0,NULL,'cn.gov.pbc.mdmp.transformation.Transformation','admin','2019-01-01 00:00:00.000000','admin','2019-01-01 00:00:00.000000')
,('ff808081675d182801675dd332c203f5','ff80808167597b7f0167599de293006c','TransformationMap','转换映射',NULL,'','public',1,0,NULL,0,NULL,'cn.gov.pbc.mdmp.transformation.TransformationMap','admin','2019-01-01 00:00:00.000000','admin','2019-01-01 00:00:00.000000')
,('ff808081675d182801675dd3c95d03f9','ff80808167597b7f0167599de293006c','TransformationTree','转换树',NULL,'','public',1,0,NULL,0,NULL,'cn.gov.pbc.mdmp.transformation.TransformationTree','admin','2019-01-01 00:00:00.000000','admin','2019-01-01 00:00:00.000000')
,('ff808081675d182801675dd4614303fe','ff80808167597b7f0167599de293006c','TransformationStep','转换步骤',NULL,'','public',1,0,NULL,0,NULL,'cn.gov.pbc.mdmp.transformation.TransformationStep','admin','2019-01-01 00:00:00.000000','admin','2019-01-01 00:00:00.000000')
,('ff808081675d182801675dd518aa0402','ff80808167597b7f0167599de293006c','TransformationActivity','转换活动',NULL,'','public',1,0,NULL,0,NULL,'cn.gov.pbc.mdmp.transformation.TransformationActivity','admin','2019-01-01 00:00:00.000000','admin','2019-01-01 00:00:00.000000')
,('ff808081675d182801675dd5a1210406','ff80808167597b7f0167599de293006c','TransformationUse','转换用法',NULL,'','public',1,0,NULL,0,NULL,'cn.gov.pbc.mdmp.transformation.TransformationUse','admin','2019-01-01 00:00:00.000000','admin','2019-01-01 00:00:00.000000')
,('ff808081675d182801675dec06e404c2','ff808081675d182801675deab87c04ba','NosqlRoot','Nosql根目录',NULL,'','public',1,0,NULL,0,NULL,'nosql.NosqlRoot','admin','2019-01-01 00:00:00.000000','admin','2019-01-01 00:00:00.000000')
,('ff808081675d182801675deddece04d4','ff808081675d182801675deab87c04ba','NosqlDatabase','Nosql库',NULL,'','public',1,0,NULL,0,NULL,'nosql.NosqlDatabase','admin','2019-01-01 00:00:00.000000','admin','2019-01-01 00:00:00.000000')
,('ff808081675d182801675dee859a04d8','ff808081675d182801675deab87c04ba','DatasetDirectory','数据集目录',NULL,'','public',1,0,NULL,0,NULL,'nosql.DatasetDirectory','admin','2019-01-01 00:00:00.000000','admin','2019-01-01 00:00:00.000000')
,('ff808081675d182801675deed9b404dc','ff808081675d182801675deab87c04ba','Cluster','集群',NULL,'','public',1,0,NULL,0,NULL,'nosql.Cluster','admin','2019-01-01 00:00:00.000000','admin','2019-01-01 00:00:00.000000')
,('ff808081675d182801675def9db604e0','ff808081675d182801675deab87c04ba','HostStaticDirectory','主机静态目录',NULL,'','public',1,0,NULL,0,NULL,'nosql.HostStaticDirectory','admin','2019-01-01 00:00:00.000000','admin','2019-01-01 00:00:00.000000')
,('ff808081675d182801675df0020d04e4','ff808081675d182801675deab87c04ba','Dataset','数据集',NULL,'','public',1,0,NULL,0,NULL,'nosql.Dataset','admin','2019-01-01 00:00:00.000000','admin','2019-01-01 00:00:00.000000')
,('ff808081675d182801675e25f45d053a','ff808081675d182801675e2499be0533','ETLRoot','ETL根目录',NULL,'','public',1,0,NULL,0,NULL,'etl.ETLRoot','admin','2019-01-01 00:00:00.000000','admin','2019-01-01 00:00:00.000000')
,('ff808081675d182801675e26964c053e','ff808081675d182801675e2499be0533','ETLActivity','ETL工程',NULL,'','public',1,0,NULL,0,NULL,'etl.ETLActivity','admin','2019-01-01 00:00:00.000000','admin','2019-01-01 00:00:00.000000')
,('ff808081675d182801675e2755400542','ff808081675d182801675e2499be0533','ETLDirectory','ETL目录',NULL,'','public',1,0,NULL,0,NULL,'etl.ETLDirectory','admin','2019-01-01 00:00:00.000000','admin','2019-01-01 00:00:00.000000')
,('ff808081675d182801675e27f0310546','ff808081675d182801675e2499be0533','ETLSubSystem','ETL子系统',NULL,'','public',1,0,NULL,0,NULL,'etl.ETLSubSystem','admin','2019-01-01 00:00:00.000000','admin','2019-01-01 00:00:00.000000')
,('ff808081675d182801675e2861a5054a','ff808081675d182801675e2499be0533','ETLConstant','常量',NULL,'','public',1,0,NULL,0,NULL,'etl.ETLConstant','admin','2019-01-01 00:00:00.000000','admin','2019-01-01 00:00:00.000000')
,('ff808081675d182801675e290f30054e','ff808081675d182801675e2499be0533','ETLSchema','库',NULL,'','public',1,0,NULL,0,NULL,'etl.ETLSchema','admin','2019-01-01 00:00:00.000000','admin','2019-01-01 00:00:00.000000')
,('ff808081675d182801675e2973de0552','ff808081675d182801675e2499be0533','ETLFile','ETL文件',NULL,'','public',1,0,NULL,0,NULL,'etl.ETLFile','admin','2019-01-01 00:00:00.000000','admin','2019-01-01 00:00:00.000000')
,('ff808081675d182801675e29e0080556','ff808081675d182801675e2499be0533','ETLJob','ETL作业',NULL,'','public',1,0,NULL,0,NULL,'etl.ETLJob','admin','2019-01-01 00:00:00.000000','admin','2019-01-01 00:00:00.000000')
,('ff808081675d182801675e2a9181055a','ff808081675d182801675e2499be0533','PersisClass','持久化类、文件',NULL,'','public',1,0,NULL,0,NULL,'etl.PersisClass','admin','2019-01-01 00:00:00.000000','admin','2019-01-01 00:00:00.000000')
,('ff808081675d182801675e331206057f','ff808081675d182801675e2499be0533','NonPersisClass','非持久化类、文件',NULL,'','public',1,0,NULL,0,NULL,'etl.NonPersisClass','admin','2019-01-01 00:00:00.000000','admin','2019-01-01 00:00:00.000000')
,('ff808081675d182801675e33cb430586','ff808081675d182801675e2499be0533','ETLScript','ETL脚本',NULL,'','public',1,0,NULL,0,NULL,'etl.ETLScript','admin','2019-01-01 00:00:00.000000','admin','2019-01-01 00:00:00.000000')
,('ff808081675d182801675e3dfab705ec','ff808081675d182801675e3c197405c0','SystemRoot','系统根目录',NULL,'','public',1,0,NULL,0,NULL,'system.SystemRoot','admin','2019-01-01 00:00:00.000000','admin','2019-01-01 00:00:00.000000')
,('ff808081675d182801675e3faae305fd','ff808081675d182801675e3c197405c0','SoftwareSystem','系统',NULL,'','public',1,0,NULL,0,NULL,'system.SoftwareSystem','admin','2019-01-01 00:00:00.000000','admin','2019-01-01 00:00:00.000000')
,('ff808081675d182801675e428b3b061e','ff808081675d182801675e2499be0533','PersisAttribute','持久化字段、属性',NULL,'','public',1,0,NULL,0,NULL,'etl.PersisAttribute','admin','2019-01-01 00:00:00.000000','admin','2019-01-01 00:00:00.000000')
,('ff808081675d182801675e4352650626','ff808081675d182801675e2499be0533','NonPersisAttribute','非持久化字段、属性',NULL,'','public',1,0,NULL,0,NULL,'etl.NonPersisAttribute','admin','2019-01-01 00:00:00.000000','admin','2019-01-01 00:00:00.000000')
,('ff808081675d182801675e43f5850633','ff808081675d182801675e2499be0533','ETLTransformer','ETL转换',NULL,'','public',1,0,NULL,0,NULL,'etl.ETLTransformer','admin','2019-01-01 00:00:00.000000','admin','2019-01-01 00:00:00.000000')
,('ff808081675d182801675e448223063f','ff808081675d182801675e2499be0533','ETLTask','ETL任务',NULL,'','public',1,0,NULL,0,NULL,'etl.ETLTask','admin','2019-01-01 00:00:00.000000','admin','2019-01-01 00:00:00.000000')
,('ff808081675d182801675e44ba5c0642','ff808081675d182801675e3c197405c0','HostDirectory','主机目录',NULL,'','public',1,0,NULL,0,NULL,'system.HostDirectory','admin','2019-01-01 00:00:00.000000','admin','2019-01-01 00:00:00.000000')
,('ff808081675d182801675e454621064f','ff808081675d182801675e3c197405c0','SystemLevel','系统层次',NULL,'','public',1,0,NULL,0,NULL,'system.SystemLevel','admin','2019-01-01 00:00:00.000000','admin','2019-01-01 00:00:00.000000')
,('ff808081675d182801675e45fb880662','ff808081675d182801675e3c197405c0','Component','模块',NULL,'','public',1,0,NULL,0,NULL,'system.Component','admin','2019-01-01 00:00:00.000000','admin','2019-01-01 00:00:00.000000')
,('ff808081675d182801675e4620940666','ff808081675d182801675e412d830614','HBaseNameSpace','命名空间',NULL,'','public',1,0,NULL,0,NULL,'bigdata.hbase.HBaseNameSpace','admin','2019-01-01 00:00:00.000000','admin','2019-01-01 00:00:00.000000')
,('ff808081675d182801675e46da71066f','ff808081675d182801675e3c197405c0','Machin','主机',NULL,'','public',1,0,NULL,0,NULL,'system.Machin','admin','2019-01-01 00:00:00.000000','admin','2019-01-01 00:00:00.000000')
,('ff808081675d182801675e4a6f0b06ab','ff808081675d182801675e412d830614','HBase','HBase',NULL,'','public',1,0,NULL,0,NULL,'bigdata.hbase.HBase','admin','2019-01-01 00:00:00.000000','admin','2019-01-01 00:00:00.000000')
,('ff808081675d182801675e4e2bf406c8','ff808081675d182801675e412d830614','HBaseFamily','成员',NULL,'','public',1,0,NULL,0,NULL,'bigdata.hbase.HBaseFamily','admin','2019-01-01 00:00:00.000000','admin','2019-01-01 00:00:00.000000')
,('ff808081675d182801675e4ed92f06db','ff808081675d182801675e3c197405c0','DataProvider','数据提供者',NULL,'','public',1,0,NULL,0,NULL,'system.DataProvider','admin','2019-01-01 00:00:00.000000','admin','2019-01-01 00:00:00.000000')
,('ff808081675d182801675e59783a0772','ff808081675d182801675e572053074c','MqRoot','消息列队根目录',NULL,'','public',1,0,NULL,0,NULL,'mq.MqRoot','admin','2019-01-01 00:00:00.000000','admin','2019-01-01 00:00:00.000000')
,('ff808081675d182801675e5a7500078b','ff808081675d182801675e572053074c','Cluster','集群',NULL,'','public',1,0,NULL,0,NULL,'mq.Cluster','admin','2019-01-01 00:00:00.000000','admin','2019-01-01 00:00:00.000000')
,('ff808081675d182801675e5b3930079c','ff808081675d182801675e572053074c','MqChannel','消息队列通道',NULL,'','public',1,0,NULL,0,NULL,'mq.MqChannel','admin','2019-01-01 00:00:00.000000','admin','2019-01-01 00:00:00.000000')
,('ff808081675d182801675e5bb64607ad','ff808081675d182801675e572053074c','MqType','消息队列分类',NULL,'','public',1,0,NULL,0,NULL,'mq.MqType','admin','2019-01-01 00:00:00.000000','admin','2019-01-01 00:00:00.000000')
,('ff808081675d182801675e5c284207be','ff808081675d182801675e572053074c','Topic','消息主题',NULL,'','public',1,0,NULL,0,NULL,'mq.Topic','admin','2019-01-01 00:00:00.000000','admin','2019-01-01 00:00:00.000000')
,('ff808081675d182801675e5ca85507d0','ff808081675d182801675e572053074c','Publisher','发布者',NULL,'','public',1,0,NULL,0,NULL,'mq.Publisher','admin','2019-01-01 00:00:00.000000','admin','2019-01-01 00:00:00.000000')
,('ff808081675d182801675e6085b70817','ff808081675d182801675e572053074c','Subscriber','订阅者',NULL,'','public',1,0,NULL,0,NULL,'mq.Subscriber','admin','2019-01-01 00:00:00.000000','admin','2019-01-01 00:00:00.000000')
,('ff808081675d182801675e628208083a','ff808081675d182801675e611ab0081c','BusinessMetadataRoot','业务元数据根目录',NULL,'','public',1,0,NULL,0,NULL,'business.BusinessMetadataRoot','admin','2019-01-01 00:00:00.000000','admin','2019-01-01 00:00:00.000000')
,('ff808081675d182801675e63ba1a0848','ff808081675d182801675e572053074c','Sender','发送者',NULL,'','public',1,0,NULL,0,NULL,'mq.Sender','admin','2019-01-01 00:00:00.000000','admin','2019-01-01 00:00:00.000000')
,('ff808081675d182801675e63cf8d084c','ff808081675d182801675e611ab0081c','DataStandard','数据标准',NULL,'','public',1,0,NULL,0,NULL,'business.DataStandard','admin','2019-01-01 00:00:00.000000','admin','2019-01-01 00:00:00.000000')
,('ff808081675d182801675e64ab7f0864','ff808081675d182801675e572053074c','Receiver','接收者',NULL,'','public',1,0,NULL,0,NULL,'mq.Receiver','admin','2019-01-01 00:00:00.000000','admin','2019-01-01 00:00:00.000000')
,('ff808081675d182801675e64db43086f','ff808081675d182801675e611ab0081c','BusinessDirectory','业务目录',NULL,'','public',1,0,NULL,0,NULL,'business.BusinessDirectory','admin','2019-01-01 00:00:00.000000','admin','2019-01-01 00:00:00.000000')
;
INSERT INTO MDMP_CLASS (CLASS_ID,PACKAGE_ID,NAME,"ALIAS",ICON,MEMO,VISIBILITY,CHANGEABILITY,DEPRECATED,ISSUE_VERSION,IS_ABSTRACT,EDITABLE,FULLNAME,CREATOR,GMT_CREATE,MODIFIER,GMT_MODIFY) VALUES 
('ff808081675d182801675e65cc880881','ff808081675d182801675e572053074c','Message','消息',NULL,'','public',1,0,NULL,0,NULL,'mq.Message','admin','2019-01-01 00:00:00.000000','admin','2019-01-01 00:00:00.000000')
,('ff808081675d182801675e66a4690894','ff808081675d182801675e611ab0081c','IndicatorDirectory','指标目录',NULL,'','public',1,0,NULL,0,NULL,'business.IndicatorDirectory','admin','2019-01-01 00:00:00.000000','admin','2019-01-01 00:00:00.000000')
,('ff808081675d182801675e67bbd508a1','ff808081675d182801675e611ab0081c','DimensionDirectory','维度目录',NULL,'','public',1,0,NULL,0,NULL,'business.DimensionDirectory','admin','2019-01-01 00:00:00.000000','admin','2019-01-01 00:00:00.000000')
,('ff808081675d182801675e69539f08ab','ff808081675d182801675e611ab0081c','CommonStatisticsRuleDirectory','公共统计规则目录',NULL,'','public',1,0,NULL,0,NULL,'business.CommonStatisticsRuleDirectory','admin','2019-01-01 00:00:00.000000','admin','2019-01-01 00:00:00.000000')
,('ff808081675d182801675e6acd9408bc','ff808081675d182801675e611ab0081c','MeasureDirectory','度量目录',NULL,'','public',1,0,NULL,0,NULL,'business.MeasureDirectory','admin','2019-01-01 00:00:00.000000','admin','2019-01-01 00:00:00.000000')
,('ff808081675d182801675e6ae0c408c2','ff808081675d182801675e572053074c','MqServer','消息队列服务器',NULL,'','public',1,0,NULL,0,NULL,'mq.MqServer','admin','2019-01-01 00:00:00.000000','admin','2019-01-01 00:00:00.000000')
,('ff808081675d182801675e6b520108c6','ff808081675d182801675e611ab0081c','Measure','度量',NULL,'','public',1,0,NULL,0,NULL,'business.Measure','admin','2019-01-01 00:00:00.000000','admin','2019-01-01 00:00:00.000000')
,('ff808081675d182801675e6c232508ce','ff808081675d182801675e611ab0081c','CommonStatisticsRule','公共统计规则',NULL,'','public',1,0,NULL,0,NULL,'business.CommonStatisticsRule','admin','2019-01-01 00:00:00.000000','admin','2019-01-01 00:00:00.000000')
,('ff808081675d182801675e6d7b0a08fb','ff808081675d182801675e611ab0081c','Dimension','维度',NULL,'','public',1,0,NULL,0,NULL,'business.Dimension','admin','2019-01-01 00:00:00.000000','admin','2019-01-01 00:00:00.000000')
,('ff808081675d182801675e6e64260904','ff808081675d182801675e6d3e0008f5','Role','角色',NULL,'','public',1,0,NULL,0,NULL,'authorize.Role','admin','2019-01-01 00:00:00.000000','admin','2019-01-01 00:00:00.000000')
,('ff808081675d182801675e6e86720909','ff808081675d182801675e611ab0081c','IndicatorClassification','指标分类',NULL,'','public',1,0,NULL,0,NULL,'business.IndicatorClassification','admin','2019-01-01 00:00:00.000000','admin','2019-01-01 00:00:00.000000')
,('ff808081675d182801675e6ee0850912','ff808081675d182801675e611ab0081c','Indicator','指标',NULL,'','public',1,0,NULL,0,NULL,'business.Indicator','admin','2019-01-01 00:00:00.000000','admin','2019-01-01 00:00:00.000000')
,('ff808081675d182801675e6f4aa40916','ff808081675d182801675e611ab0081c','Business','业务',NULL,'','public',1,0,NULL,0,NULL,'business.Business','admin','2019-01-01 00:00:00.000000','admin','2019-01-01 00:00:00.000000')
,('ff808081675d182801675e700a540924','ff808081675d182801675e6d3e0008f5','Auth','权限',NULL,'','public',1,0,NULL,0,NULL,'authorize.Auth','admin','2019-01-01 00:00:00.000000','admin','2019-01-01 00:00:00.000000')
,('ff808081675e727401675e75fca60056','ff808081675d182801675e611ab0081c','CommonCodeClassfication','公共代码类型',NULL,'','public',1,0,NULL,0,NULL,'business.CommonCodeClassfication','admin','2019-01-01 00:00:00.000000','admin','2019-01-01 00:00:00.000000')
,('ff808081675e727401675e76b8e3005b','ff808081675d182801675e611ab0081c','BusinessRule','业务规则',NULL,'','public',1,0,NULL,0,NULL,'business.BusinessRule','admin','2019-01-01 00:00:00.000000','admin','2019-01-01 00:00:00.000000')
,('ff808081675e727401675e7745a10061','ff808081675d182801675e611ab0081c','BusinessGlossary','业务术语',NULL,'','public',1,0,NULL,0,NULL,'business.BusinessGlossary','admin','2019-01-01 00:00:00.000000','admin','2019-01-01 00:00:00.000000')
,('ff808081675e727401675e77c168006e','ff808081675d182801675e611ab0081c','CommonCode','公共代码',NULL,'','public',1,0,NULL,0,NULL,'business.CommonCode','admin','2019-01-01 00:00:00.000000','admin','2019-01-01 00:00:00.000000')
,('ff808081675e727401675e785e390085','ff808081675d182801675e611ab0081c','Subject','主题',NULL,'','public',1,0,NULL,0,NULL,'business.Subject','admin','2019-01-01 00:00:00.000000','admin','2019-01-01 00:00:00.000000')
,('ff808081675e727401675e78d8c0008d','ff808081675d182801675e6d3e0008f5','AuthDirectory','权限目录',NULL,'','public',1,0,NULL,0,NULL,'authorize.AuthDirectory','admin','2019-01-01 00:00:00.000000','admin','2019-01-01 00:00:00.000000')
,('ff808081675e727401675e7920680095','ff808081675d182801675e611ab0081c','BusinessClassification','业务分类',NULL,'','public',1,0,NULL,0,NULL,'business.BusinessClassification','admin','2019-01-01 00:00:00.000000','admin','2019-01-01 00:00:00.000000')
,('ff808081675e727401675e798d6b009f','ff808081675d182801675e6d3e0008f5','RoleDirectory','角色目录',NULL,'','public',1,0,NULL,0,NULL,'authorize.RoleDirectory','admin','2019-01-01 00:00:00.000000','admin','2019-01-01 00:00:00.000000')
,('ff808081675e727401675e7c648e00f8','ff808081675d182801675e611ab0081c','BusinessAttribute','业务属性',NULL,'','public',1,0,NULL,0,NULL,'business.BusinessAttribute','admin','2019-01-01 00:00:00.000000','admin','2019-01-01 00:00:00.000000')
,('ff808081675e727401675e7a14ec00b1','ff808081675d182801675e6d3e0008f5','OrgDirectory','组织机构目录',NULL,'','public',1,0,NULL,0,NULL,'authorize.OrgDirectory','admin','2019-01-01 00:00:00.000000','admin','2019-01-01 00:00:00.000000')
,('ff808081675e727401675e7a448900bb','ff808081675d182801675e412d830614','HBaseTable','表',NULL,'','public',1,0,NULL,0,NULL,'bigdata.hbase.HBaseTable','admin','2019-01-01 00:00:00.000000','admin','2019-01-01 00:00:00.000000')
,('ff808081675e727401675e7a89ff00cb','ff808081675d182801675e6d3e0008f5','AuthRoot','权限根目录',NULL,'','public',1,0,NULL,0,NULL,'authorize.AuthRoot','admin','2019-01-01 00:00:00.000000','admin','2019-01-01 00:00:00.000000')
,('ff808081675e727401675e7b040300dc','ff808081675d182801675e6d3e0008f5','Organization','机构',NULL,'','public',1,0,NULL,0,NULL,'authorize.Organization','admin','2019-01-01 00:00:00.000000','admin','2019-01-01 00:00:00.000000')
,('ff808081675e727401675e7c802100fe','ff808081675e727401675e7b74d700e9','HdfsLevel','层次',NULL,'','public',1,0,NULL,0,NULL,'bigdata.hdfs.HdfsLevel','admin','2019-01-01 00:00:00.000000','admin','2019-01-01 00:00:00.000000')
,('ff808081675e727401675e7d9a97011d','ff808081675e727401675e7b74d700e9','HdfsFile','文件',NULL,'','public',1,0,NULL,0,NULL,'bigdata.hdfs.HdfsFile','admin','2019-01-01 00:00:00.000000','admin','2019-01-01 00:00:00.000000')
,('ff808081675e727401675e7f46b20170','ff808081675d182801675e6d3e0008f5','RoleAuth','角色权限',NULL,'','public',1,0,NULL,0,NULL,'authorize.RoleAuth','admin','2019-01-01 00:00:00.000000','admin','2019-01-01 00:00:00.000000')
,('ff808081675e727401675e8033230191','ff808081675d182801675e6d3e0008f5','User','用户',NULL,'','public',1,0,NULL,0,NULL,'authorize.User','admin','2019-01-01 00:00:00.000000','admin','2019-01-01 00:00:00.000000')
,('ff808081675e727401675e81711101df','ff808081675e727401675e7b74d700e9','HdfsField','字段',NULL,'','public',1,0,NULL,0,NULL,'bigdata.hdfs.HdfsField','admin','2019-01-01 00:00:00.000000','admin','2019-01-01 00:00:00.000000')
,('ff808081675e727401675e82558d0205','ff808081675e727401675e8184b901e8','LogRoot','日志根目录',NULL,'','public',1,0,NULL,0,NULL,'log.LogRoot','admin','2019-01-01 00:00:00.000000','admin','2019-01-01 00:00:00.000000')
,('ff808081675e727401675e82c7d3021a','ff808081675e727401675e8184b901e8','LogType','日志分类',NULL,'','public',1,0,NULL,0,NULL,'log.LogType','admin','2019-01-01 00:00:00.000000','admin','2019-01-01 00:00:00.000000')
,('ff808081675e727401675e8332220234','ff808081675e727401675e8184b901e8','LogInfo','日志信息',NULL,'','public',1,0,NULL,0,NULL,'log.LogInfo','admin','2019-01-01 00:00:00.000000','admin','2019-01-01 00:00:00.000000')
,('ff808081675e727401675eed75740863','ff808081675d182801675e3f66d805f6','BigDataRoot','大数据根目录',NULL,'','public',1,0,NULL,0,NULL,'bigdata.BigDataRoot','admin','2019-01-01 00:00:00.000000','admin','2019-01-01 00:00:00.000000')
,('ff808081675e727401675ef38f440919','ff808081675e727401675ee448e207a1','SourceColumn','字段',NULL,'','public',1,0,NULL,0,NULL,'report.SourceColumn','admin','2019-01-01 00:00:00.000000','admin','2019-01-01 00:00:00.000000')
,('ff808081675e727401675ef62673096e','ff808081675e727401675ee448e207a1','ReportDirectory','报表目录',NULL,'','public',1,0,NULL,0,NULL,'report.ReportDirectory','admin','2019-01-01 00:00:00.000000','admin','2019-04-29 17:16:12.320000')
,('ff808081675e727401675ef7579b099a','ff808081675e727401675ee448e207a1','IndicatorClassification','指标分类',NULL,'','public',1,0,NULL,0,NULL,'report.IndicatorClassification','admin','2019-01-01 00:00:00.000000','admin','2019-01-01 00:00:00.000000')
,('ff808081675e727401675e96017d0373','ff808081675e727401675e94d8be0359','DataQualityRoot','数据质量根目录',NULL,'','public',1,0,NULL,0,NULL,'quality.DataQualityRoot','admin','2019-01-01 00:00:00.000000','admin','2019-01-01 00:00:00.000000')
,('ff808081675e727401675e97c515037c','ff808081675e727401675e94d8be0359','RuleClassification','规则分类',NULL,'','public',1,0,NULL,0,NULL,'quality.RuleClassification','admin','2019-01-01 00:00:00.000000','admin','2019-01-01 00:00:00.000000')
,('ff808081675e727401675e9c5c6f03f0','ff808081675e727401675e94d8be0359','QualityRule','质量规则',NULL,'','public',1,0,NULL,0,NULL,'quality.QualityRule','admin','2019-01-01 00:00:00.000000','admin','2019-01-01 00:00:00.000000')
,('ff808081675e727401675ea762e504aa','ff808081675e727401675e830725022b','HiveDataBase','库',NULL,'','public',1,0,NULL,0,NULL,'bigdata.hive.HiveDataBase','admin','2019-01-01 00:00:00.000000','admin','2019-01-01 00:00:00.000000')
,('ff808081675e727401675ea8077204b9','ff808081675e727401675e830725022b','Hive','Hive',NULL,'','public',1,0,NULL,0,NULL,'bigdata.hive.Hive','admin','2019-01-01 00:00:00.000000','admin','2019-01-01 00:00:00.000000')
,('ff808081675e727401675ea899a104bd','ff808081675e727401675e830725022b','HiveColumn','字段',NULL,'','public',1,0,NULL,0,NULL,'bigdata.hive.HiveColumn','admin','2019-01-01 00:00:00.000000','admin','2019-01-01 00:00:00.000000')
,('ff808081675e727401675ea8ed9804c1','ff808081675e727401675e830725022b','HiveTable','表',NULL,'','public',1,0,NULL,0,NULL,'bigdata.hive.HiveTable','admin','2019-01-01 00:00:00.000000','admin','2019-01-01 00:00:00.000000')
,('ff808081675e727401675ead2a7a050d','ff808081675e727401675eac1e0204ff','File','文件',NULL,'','public',1,0,NULL,0,NULL,'resources.File','admin','2019-01-01 00:00:00.000000','admin','2019-01-01 00:00:00.000000')
,('ff808081675e727401675eb0c0740537','ff808081675e727401675eac1e0204ff','ResourceRoot','资源根目录',NULL,'','public',1,0,NULL,0,NULL,'resources.ResourceRoot','admin','2019-01-01 00:00:00.000000','admin','2019-01-01 00:00:00.000000')
,('ff808081675e727401675eb1d799054d','ff808081675e727401675eac1e0204ff','Directory','目录',NULL,'','public',1,0,NULL,0,NULL,'resources.Directory','admin','2019-01-01 00:00:00.000000','admin','2019-01-01 00:00:00.000000')
,('ff808081675e727401675ec2ddad061a','ff80808167597b7f0167599cdcd70060','TableMapping','表级映射',NULL,'','public',1,0,NULL,0,NULL,'cn.gov.pbc.mdmp.mapping.TableMapping','admin','2019-01-01 00:00:00.000000','admin','2019-01-01 00:00:00.000000')
,('ff808081675e727401675ec3a55d0624','ff80808167597b7f0167599cdcd70060','Transformer','转换',NULL,'','public',1,0,NULL,0,NULL,'cn.gov.pbc.mdmp.mapping.Transformer','admin','2019-01-01 00:00:00.000000','admin','2019-01-01 00:00:00.000000')
,('ff808081675e727401675ec46ecf0635','ff80808167597b7f0167599cdcd70060','ColumnMapping','字段级映射',NULL,'','public',1,0,NULL,0,NULL,'cn.gov.pbc.mdmp.mapping.ColumnMapping','admin','2019-01-01 00:00:00.000000','admin','2019-01-01 00:00:00.000000')
,('ff808081675e727401675ed57a0406ad','ff808081675e727401675ed365f406a1','DataModelRoot','模型根目录',NULL,'','public',1,0,NULL,0,NULL,'datamodel.DataModelRoot','admin','2019-01-01 00:00:00.000000','admin','2019-01-01 00:00:00.000000')
,('ff808081675e727401675ed6466d06b6','ff808081675e727401675ed365f406a1','DataModel','数据模型',NULL,'','public',1,0,NULL,0,NULL,'datamodel.DataModel','admin','2019-01-01 00:00:00.000000','admin','2019-01-01 00:00:00.000000')
,('ff808081675e727401675edabf0206f3','ff808081675e727401675ed365f406a1','Subject','主题',NULL,'','public',1,0,NULL,0,NULL,'datamodel.Subject','admin','2019-01-01 00:00:00.000000','admin','2019-01-01 00:00:00.000000')
,('ff808081675e727401675ede56b60721','ff808081675e727401675ed365f406a1','BusinessEntity','业务实体',NULL,'','public',1,0,NULL,0,NULL,'datamodel.BusinessEntity','admin','2019-01-01 00:00:00.000000','admin','2019-01-01 00:00:00.000000')
,('ff808081675e727401675edf60fa0736','ff808081675e727401675ed365f406a1','EntityRelation','实体关联关系',NULL,'','public',1,0,NULL,0,NULL,'datamodel.EntityRelation','admin','2019-01-01 00:00:00.000000','admin','2019-01-01 00:00:00.000000')
,('ff808081675e727401675ee241f3075e','ff808081675e727401675ed365f406a1','BusinessAttribute','业务属性',NULL,'','public',1,0,NULL,0,NULL,'datamodel.BusinessAttribute','admin','2019-01-01 00:00:00.000000','admin','2019-01-01 00:00:00.000000')
,('ff808081675e727401675ee384d90785','ff808081675e727401675ed365f406a1','BusinessPrimaryKey','业务主键',NULL,'','public',1,0,NULL,0,NULL,'datamodel.BusinessPrimaryKey','admin','2019-01-01 00:00:00.000000','admin','2019-01-01 00:00:00.000000')
,('ff808081675e727401675ee5141207b5','ff808081675e727401675ee448e207a1','ReportRoot','报表根目录',NULL,'','public',1,0,NULL,0,NULL,'report.ReportRoot','admin','2019-01-01 00:00:00.000000','admin','2019-01-01 00:00:00.000000')
,('ff808081675e727401675ee5fde007c1','ff808081675e727401675ee448e207a1','Report','报表',NULL,'','public',1,0,NULL,0,NULL,'report.Report','admin','2019-01-01 00:00:00.000000','admin','2019-01-01 00:00:00.000000')
,('ff808081675e727401675ef906d409ab','ff808081675e727401675ee448e207a1','KeyIndicator','关键指标',NULL,'','public',1,0,NULL,0,NULL,'report.KeyIndicator','admin','2019-01-01 00:00:00.000000','admin','2019-01-01 00:00:00.000000')
,('ff808081675e727401675ee8f2a70813','ff808081675d182801675e3f66d805f6','HBaseDirectory','HBase目录',NULL,'','public',1,0,NULL,0,NULL,'bigdata.HBaseDirectory','admin','2019-01-01 00:00:00.000000','admin','2019-01-01 00:00:00.000000')
,('ff808081675e727401675ee9a1370821','ff808081675d182801675e3f66d805f6','HdfsDirectory','Hdfs目录',NULL,'','public',1,0,NULL,0,NULL,'bigdata.HdfsDirectory','admin','2019-01-01 00:00:00.000000','admin','2019-01-01 00:00:00.000000')
,('ff808081675e727401675eea13be0833','ff808081675d182801675e3f66d805f6','HiveDirectory','Hive目录',NULL,'','public',1,0,NULL,0,NULL,'bigdata.HiveDirectory','admin','2019-01-01 00:00:00.000000','admin','2019-01-01 00:00:00.000000')
,('ff808081675e72740167620a18a10c01','ff808081675e727401675ee448e207a1','Dimension','维度',NULL,'','public',1,0,NULL,0,NULL,'report.Dimension','admin','2019-01-01 00:00:00.000000','admin','2019-01-01 00:00:00.000000')
,('ff808081675e72740167620fc2180c55','ff808081675e72740167620ec36f0c3e','DatabaseClassfication','数据库类型',NULL,'','public',1,0,NULL,0,NULL,'database.DatabaseClassfication','admin','2019-01-01 00:00:00.000000','admin','2019-01-01 00:00:00.000000')
,('ff808081675e72740167621112ef0c7f','ff808081675e72740167620ec36f0c3e','TableCatalog','表分类',NULL,'','public',1,0,NULL,0,NULL,'database.TableCatalog','admin','2019-01-01 00:00:00.000000','admin','2019-01-01 00:00:00.000000')
,('ff808081675e727401676212826c0c8a','ff808081675e72740167620ec36f0c3e','TableDirectory','表目录',NULL,'','public',1,0,NULL,0,NULL,'database.TableDirectory','admin','2019-01-01 00:00:00.000000','admin','2019-01-01 00:00:00.000000')
,('ff808081675e72740167621516c50cb8','ff808081675e72740167620ec36f0c3e','DatabaseRoot','数据库根目录',NULL,'','public',1,0,NULL,0,NULL,'database.DatabaseRoot','admin','2019-01-01 00:00:00.000000','admin','2019-01-01 00:00:00.000000')
,('ff808081675e72740167621653dd0cd0','ff808081675e72740167620ec36f0c3e','Database','数据库',NULL,'','public',1,0,NULL,0,NULL,'database.Database','admin','2019-01-01 00:00:00.000000','admin','2019-01-01 00:00:00.000000')
,('ff808081675e72740167621bda780d2b','ff808081675e72740167620ec36f0c3e','FunctionDirectory','函数目录',NULL,'','public',1,0,NULL,0,NULL,'database.FunctionDirectory','admin','2019-01-01 00:00:00.000000','admin','2019-01-01 00:00:00.000000')
,('ff808081675e72740167621c5ac00d35','ff808081675e72740167620ec36f0c3e','TablespaceDirectory','表空间目录',NULL,'','public',1,0,NULL,0,NULL,'database.TablespaceDirectory','admin','2019-01-01 00:00:00.000000','admin','2019-01-01 00:00:00.000000')
,('ff808081675e72740167621d41250d3f','ff808081675e72740167620ec36f0c3e','PartitionDirectory','表分区目录',NULL,'','public',1,0,NULL,0,NULL,'database.PartitionDirectory','admin','2019-01-01 00:00:00.000000','admin','2019-01-01 00:00:00.000000')
,('ff808081675e72740167621de8510d51','ff808081675e72740167620ec36f0c3e','ForeignKeyDirectory','外键目录',NULL,'','public',1,0,NULL,0,NULL,'database.ForeignKeyDirectory','admin','2019-01-01 00:00:00.000000','admin','2019-01-01 00:00:00.000000')
,('ff808081675e72740167621e75780d5e','ff808081675e72740167620ec36f0c3e','PrimaryKeyDirectory','主键目录',NULL,'','public',1,0,NULL,0,NULL,'database.PrimaryKeyDirectory','admin','2019-01-01 00:00:00.000000','admin','2019-01-01 00:00:00.000000')
,('ff808081675e72740167621f77e50d6b','ff808081675e72740167620ec36f0c3e','SynonymsDirectory','同义词目录',NULL,'','public',1,0,NULL,0,NULL,'database.SynonymsDirectory','admin','2019-01-01 00:00:00.000000','admin','2019-01-01 00:00:00.000000')
,('ff808081675e72740167621ff2860d76','ff808081675e72740167620ec36f0c3e','ViewDirectory','视图目录',NULL,'','public',1,0,NULL,0,NULL,'database.ViewDirectory','admin','2019-01-01 00:00:00.000000','admin','2019-01-01 00:00:00.000000')
,('ff808081675e7274016762215c1e0d8f','ff808081675e72740167620ec36f0c3e','UniqueConstraintDirectory','唯一约束目录',NULL,'','public',1,0,NULL,0,NULL,'database.UniqueConstraintDirectory','admin','2019-01-01 00:00:00.000000','admin','2019-01-01 00:00:00.000000')
,('ff808081675e727401676221ea390da2','ff808081675e72740167620ec36f0c3e','CheckConstraintDirectory','检查约束目录',NULL,'','public',1,0,NULL,0,NULL,'database.CheckConstraintDirectory','admin','2019-01-01 00:00:00.000000','admin','2019-01-01 00:00:00.000000')
,('ff808081675e727401676222a1e90db0','ff808081675e72740167620ec36f0c3e','IndexDirectory','索引目录',NULL,'','public',1,0,NULL,0,NULL,'database.IndexDirectory','admin','2019-01-01 00:00:00.000000','admin','2019-01-01 00:00:00.000000')
,('ff808081675e7274016762231b5b0dbe','ff808081675e72740167620ec36f0c3e','ProcedureDirectory','存储过程目录',NULL,'','public',1,0,NULL,0,NULL,'database.ProcedureDirectory','admin','2019-01-01 00:00:00.000000','admin','2019-01-01 00:00:00.000000')
,('ff808081675e727401676223a4590dd1','ff808081675e72740167620ec36f0c3e','TriggerDirectory','触发器目录',NULL,'','public',1,0,NULL,0,NULL,'database.TriggerDirectory','admin','2019-01-01 00:00:00.000000','admin','2019-01-01 00:00:00.000000')
,('ff808081675e72740167622471fc0de0','ff808081675e72740167620ec36f0c3e','SequenceDirectory','序列目录',NULL,'','public',1,0,NULL,0,NULL,'database.SequenceDirectory','admin','2019-01-01 00:00:00.000000','admin','2019-01-01 00:00:00.000000')
,('ff808081693865c001693d426ebd5a76','ff808081675e727401675ee448e207a1','FinancialStatisticsSystemReport','金融统计制度表单',NULL,'','private',1,0,NULL,0,NULL,'report.FinancialStatisticsSystemReport','admin','2019-01-01 00:00:00.000000','admin','2019-01-01 00:00:00.000000')
,('ff8080816a58d6f9016a6850e6c201bf','ff808081675e727401675ee448e207a1','Monthreport','月报',NULL,'','public',1,0,NULL,0,NULL,'report.Monthreport','admin','2019-04-29 16:58:13.570000','admin','2019-04-29 17:11:34.168000')
;


--父元模型
INSERT INTO MDMP_REF_SUPER_CLASS (SUPER_CLASS_ID,CLASS_ID,SUPER_CLASS) VALUES 
('ff808081675d182801675d1e95820029','ff80808167597b7f016759a59bfb007a','cn.gov.pbc.mdmp.core.ModelElement')
,('ff808081675d182801675d20897e0033','ff808081675d182801675d20897d0032','cn.gov.pbc.mdmp.core.AbstractAllowCreateDiagram')
,('ff80808168549f120168558d98b601f4','ff808081675e727401676212826c0c8a','cn.gov.pbc.mdmp.core.ModelElement')
,('ff808081675d182801675d23ef100059','ff808081675d182801675d23ef0f0058','cn.gov.pbc.mdmp.core.ModelElement')
,('ff808081675d182801675d25ef9d0062','ff808081675d182801675d25ef9d0061','cn.gov.pbc.mdmp.core.ModelElement')
,('ff808081675d182801675d2aa8dc006d','ff808081675d182801675d2aa8dc006c','cn.gov.pbc.mdmp.core.ModelElement')
,('ff808081693865c001693d426ebe5a77','ff808081693865c001693d426ebd5a76','report.Report')
,('ff808081675d182801675d2cfdd6007f','ff808081675d182801675d2cfdd6007e','cn.gov.pbc.mdmp.core.ModelElement')
,('ff808081675d182801675d2dbbaf0088','ff808081675d182801675d2dbbaf0087','cn.gov.pbc.mdmp.core.Classifier')
,('ff808081675d182801675d2f09430091','ff808081675d182801675d2f09420090','cn.gov.pbc.mdmp.core.ExtendClassfication')
,('ff808081675d182801675d3059a7009a','ff808081675d182801675d3059a70099','cn.gov.pbc.mdmp.core.ExtendClassfication')
,('ff808081675d182801675d316d6000a3','ff808081675d182801675d316d6000a2','cn.gov.pbc.mdmp.core.BelongSystem')
,('ff808081675d182801675d316d6000a4','ff808081675d182801675d316d6000a2','cn.gov.pbc.mdmp.core.ModelElement')
,('ff808081675d182801675d316d6000a5','ff808081675d182801675d316d6000a2','cn.gov.pbc.mdmp.core.ResponsibilityDepartment')
,('ff808081675d182801675d3c9bc700d3','ff808081675d182801675d3c9bc700d2','cn.gov.pbc.mdmp.core.ModelElement')
,('ff808081675d182801675d3d351500dc','ff808081675d182801675d3d351400db','cn.gov.pbc.mdmp.core.ModelElement')
,('ff808081675d182801675d541015010a','ff808081675d182801675d5410150109','cn.gov.pbc.mdmp.core.ModelElement')
,('ff808081675d182801675d54be720113','ff808081675d182801675d54be720112','cn.gov.pbc.mdmp.core.ModelElement')
,('ff808081675d182801675d55ceb4011c','ff808081675d182801675d55ceb3011b','cn.gov.pbc.mdmp.core.ModelElement')
,('ff808081675d182801675d56ca7b0125','ff808081675d182801675d56ca7b0124','cn.gov.pbc.mdmp.core.ModelElement')
,('ff808081675d182801675d6657520153','ff808081675d182801675d6657520152','cn.gov.pbc.mdmp.core.ModelElement')
,('ff808081675d182801675d672e9c015c','ff808081675d182801675d672e9c015b','cn.gov.pbc.mdmp.core.ModelElement')
,('ff808081675d182801675d68a15c0165','ff808081675d182801675d68a15c0164','cn.gov.pbc.mdmp.core.Feature')
,('ff808081675d182801675d6acac6016e','ff808081675d182801675d6acac6016d','cn.gov.pbc.mdmp.resource.record.Field')
,('ff808081675d182801675d79ddfc01b3','ff808081675d182801675d79ddfc01b2','cn.gov.pbc.mdmp.core.ModelElement')
,('ff808081675d182801675d7af57901bc','ff808081675d182801675d7af57901bb','cn.gov.pbc.mdmp.core.ModelElement')
,('ff808081675d182801675d7c96d501c5','ff808081675d182801675d7c96d501c4','cn.gov.pbc.mdmp.core.Feature')
,('ff808081675d182801675d7d533e01ce','ff808081675d182801675d7d533d01cd','cn.gov.pbc.mdmp.core.Feature')
,('ff808081675d182801675d800a0201d7','ff808081675d182801675d800a0201d6','cn.gov.pbc.mdmp.core.Class')
,('ff808081675d182801675d814ce001e0','ff808081675d182801675d814ce001df','cn.gov.pbc.mdmp.resource.relational.CloumnSet')
,('ff8080816763dc7801677215455001fc','ff808081675d182801675d820a8e01e8','cn.gov.pbc.mdmp.core.RespectiveDataModel')
,('ff808081675d182801675d8d3010022a','ff808081675d182801675d8d30100229','cn.gov.pbc.mdmp.core.ModelElement')
,('ff808081675d182801675d8db0d60233','ff808081675d182801675d8db0d60232','cn.gov.pbc.mdmp.core.ModelElement')
,('ff808081675d182801675d9106b1023b','ff808081675d182801675d8a149c0215','cn.gov.pbc.mdmp.core.ModelElement')
,('ff808081675d182801675d9162de0243','ff808081675d182801675d8a746c0219','cn.gov.pbc.mdmp.core.ModelElement')
,('ff808081675d182801675d91ca18024b','ff808081675d182801675d8b035d021d','cn.gov.pbc.mdmp.core.ModelElement')
,('ff808081675d182801675d922f7c0253','ff808081675d182801675d8bd0e40221','cn.gov.pbc.mdmp.core.ModelElement')
,('ff808081675d182801675dd688ea0411','ff808081675d182801675dd1226b03e8','cn.gov.pbc.mdmp.core.ModelElement')
,('ff808081675d182801675dd6f23c041b','ff808081675d182801675dceb44703e0','cn.gov.pbc.mdmp.core.ModelElement')
,('ff808081675d182801675dd732eb0424','ff808081675d182801675dcd956b03db','cn.gov.pbc.mdmp.core.ModelElement')
,('ff8080816763dc78016772f772be02f6','ff808081675e727401675e7c648e00f8','cn.gov.pbc.mdmp.core.ResponsibilityDepartment')
,('ff808081675d182801675dd8641c0436','ff808081675d182801675dcfae1403e4','cn.gov.pbc.mdmp.core.ModelElement')
,('ff808081675d182801675dd8de2e0443','ff808081675d182801675dd2817503f1','cn.gov.pbc.mdmp.core.ModelElement')
,('ff808081675d182801675dd93141044c','ff808081675d182801675dd518aa0402','cn.gov.pbc.mdmp.core.ModelElement')
,('ff808081675d182801675dd98b8d0455','ff808081675d182801675dd332c203f5','cn.gov.pbc.mdmp.transformation.Transformation')
,('ff808081675d182801675dd9f61b045e','ff808081675d182801675dd4614303fe','cn.gov.pbc.mdmp.core.ModelElement')
,('ff808081675d182801675dda59dd0467','ff808081675d182801675dd1ee4d03ed','cn.gov.pbc.mdmp.core.ModelElement')
,('ff808081675d182801675ddaabbd0470','ff808081675d182801675dd3c95d03f9','cn.gov.pbc.mdmp.transformation.Transformation')
,('ff808081675d182801675deca6d004cd','ff808081675d182801675dec06e404c2','cn.gov.pbc.mdmp.core.AbstractRoot')
,('ff808081675d182801675df0a11604f0','ff808081675d182801675deddece04d4','cn.gov.pbc.mdmp.core.ModelElement')
,('ff808081675d182801675df103f904f8','ff808081675d182801675deed9b404dc','cn.gov.pbc.mdmp.core.ModelElement')
,('ff8080816859c45201685aade36500f6','ff808081675d182801675d220b76003d','cn.gov.pbc.mdmp.core.AbstractAllowCreateDiagram')
,('ff808081675d182801675df1ca5e050a','ff808081675d182801675dee859a04d8','cn.gov.pbc.mdmp.core.AbstractStaticDirectory')
,('ff808081675d182801675df2166e0513','ff808081675d182801675def9db604e0','cn.gov.pbc.mdmp.core.AbstractStaticDirectory')
,('ff808081675d182801675e3dfab805ed','ff808081675d182801675e3dfab705ec','cn.gov.pbc.mdmp.core.AbstractRoot')
,('ff808081675d182801675e3faae305fe','ff808081675d182801675e3faae305fd','cn.gov.pbc.mdmp.core.ModelElement')
,('ff808081675d182801675e3faae305ff','ff808081675d182801675e3faae305fd','cn.gov.pbc.mdmp.core.AbstractAllowCreateDiagram')
,('ff808081675d182801675e44ba5d0643','ff808081675d182801675e44ba5c0642','cn.gov.pbc.mdmp.core.ModelElement')
,('ff808081675d182801675e44ba5d0644','ff808081675d182801675e44ba5c0642','cn.gov.pbc.mdmp.core.AbstractAllowCreateDiagram')
,('ff808081675d182801675e4546210650','ff808081675d182801675e454621064f','cn.gov.pbc.mdmp.core.ModelElement')
,('ff808081675d182801675e4546210651','ff808081675d182801675e454621064f','cn.gov.pbc.mdmp.core.AbstractAllowCreateDiagram')
,('ff808081675d182801675e45fb880663','ff808081675d182801675e45fb880662','cn.gov.pbc.mdmp.core.ModelElement')
,('ff808081675d182801675e4a6f0b06ac','ff808081675d182801675e4a6f0b06ab','cn.gov.pbc.mdmp.core.ModelElement')
,('ff808081675d182801675e46da710670','ff808081675d182801675e46da71066f','cn.gov.pbc.mdmp.core.ModelElement')
,('ff808081675e72740167636e2bb0197a','ff808081675d182801675e4e2bf406c8','cn.gov.pbc.mdmp.core.Feature')
,('ff808081675e72740167636e5b89197e','ff808081675e727401675e7a448900bb','cn.gov.pbc.mdmp.core.Classifier')
,('ff808081675e727401676373ff2419e3','ff808081675e727401675e81711101df','cn.gov.pbc.mdmp.core.Feature')
,('ff808081675d182801675e4ed92f06dc','ff808081675d182801675e4ed92f06db','system.Component')
,('ff808081675d182801675e55a8e10735','ff808081675d182801675e25f45d053a','cn.gov.pbc.mdmp.core.AbstractRoot')
,('ff8080816763dc78016763ec851a00be','ff808081675d182801675e448223063f','cn.gov.pbc.mdmp.core.BelongSystem')
,('ff8080816763dc78016763e576510064','ff808081675d182801675e63ba1a0848','cn.gov.pbc.mdmp.core.ModelElement')
,('ff808081675d182801675e57cc3c0759','ff808081675d182801675e2861a5054a','cn.gov.pbc.mdmp.core.ModelElement')
,('ff808081675d182801675e5888510761','ff808081675d182801675e2755400542','cn.gov.pbc.mdmp.core.ModelElement')
,('ff808081675d182801675e5888510762','ff808081675d182801675e2755400542','cn.gov.pbc.mdmp.core.AbstractAllowCreateDiagram')
,('ff808081675d182801675e5930f4076e','ff808081675d182801675e2973de0552','cn.gov.pbc.mdmp.core.ModelElement')
,('ff808081675d182801675e59783a0773','ff808081675d182801675e59783a0772','cn.gov.pbc.mdmp.core.AbstractRoot')
,('ff808081675d182801675e59a3cd077a','ff808081675d182801675e29e0080556','cn.gov.pbc.mdmp.core.ModelElement')
,('ff808081675d182801675e5a1ebe0783','ff808081675d182801675e290f30054e','cn.gov.pbc.mdmp.core.AbstractAllowCreateDiagram')
,('ff808081675d182801675e5a1ebe0784','ff808081675d182801675e290f30054e','cn.gov.pbc.mdmp.resource.relational.Schema')
,('ff808081675d182801675e5a7500078c','ff808081675d182801675e5a7500078b','cn.gov.pbc.mdmp.core.ModelElement')
,('ff808081675d182801675e5b04710795','ff808081675d182801675e33cb430586','cn.gov.pbc.mdmp.core.ModelElement')
,('ff808081675d182801675e5b3930079d','ff808081675d182801675e5b3930079c','cn.gov.pbc.mdmp.core.ModelElement')
,('ff808081675d182801675e5b6ed107a6','ff808081675d182801675e27f0310546','cn.gov.pbc.mdmp.core.ModelElement')
,('ff808081675d182801675e5bb64607ae','ff808081675d182801675e5bb64607ad','cn.gov.pbc.mdmp.core.ModelElement')
,('ff8080816763dc78016772effd9202c7','ff808081675d182801675dccab3303d6','cn.gov.pbc.mdmp.core.ModelElement')
,('ff808081675d182801675e5c284207bf','ff808081675d182801675e5c284207be','cn.gov.pbc.mdmp.core.ModelElement')
,('ff808081675d182801675e5c604907c9','ff808081675d182801675e43f5850633','cn.gov.pbc.mdmp.core.ModelElement')
,('ff808081675e7274016762acb488178c','ff808081675d182801675e6085b70817','cn.gov.pbc.mdmp.core.ModelElement')
,('ff808081675d182801675e5d04d007e1','ff808081675d182801675e4352650626','cn.gov.pbc.mdmp.core.Feature')
,('ff808081675d182801675e5d445707eb','ff808081675d182801675e428b3b061e','cn.gov.pbc.mdmp.core.Feature')
,('ff808081675d182801675e5da59407f7','ff808081675d182801675e331206057f','cn.gov.pbc.mdmp.core.Classifier')
,('ff808081675d182801675e5ded6907ff','ff808081675d182801675e2a9181055a','cn.gov.pbc.mdmp.core.Classifier')
,('ff808081675e72740167635267c618a9','ff808081675e727401675e96017d0373','cn.gov.pbc.mdmp.core.AbstractRoot')
,('ff808081677d492e01677d857f7b00d7','ff808081675e727401676221ea390da2','cn.gov.pbc.mdmp.core.AbstractStaticDirectory')
,('ff8080816763dc78016763e5b84c006c','ff808081675d182801675e64ab7f0864','cn.gov.pbc.mdmp.core.ModelElement')
,('ff808081675d182801675e63cf8d084d','ff808081675d182801675e63cf8d084c','cn.gov.pbc.mdmp.core.ModelElement')
,('ff8080816763dc78016763ec851900bd','ff808081675d182801675e448223063f','cn.gov.pbc.mdmp.transformation.TransformationTask')
,('ff808081675d182801675e64db430870','ff808081675d182801675e64db43086f','cn.gov.pbc.mdmp.core.AbstractAllowCreateDiagram')
,('ff808081675d182801675e64db430871','ff808081675d182801675e64db43086f','cn.gov.pbc.mdmp.core.ModelElement')
,('ff808081675d182801675e663a4f0889','ff808081675d182801675e65cc880881','cn.gov.pbc.mdmp.core.Classifier')
;
INSERT INTO MDMP_REF_SUPER_CLASS (SUPER_CLASS_ID,CLASS_ID,SUPER_CLASS) VALUES 
('ff808081675d182801675e66a4690895','ff808081675d182801675e66a4690894','cn.gov.pbc.mdmp.core.ModelElement')
,('ff808081675d182801675e66a4690896','ff808081675d182801675e66a4690894','cn.gov.pbc.mdmp.core.AbstractAllowCreateDiagram')
,('ff808081675d182801675e67bbd508a2','ff808081675d182801675e67bbd508a1','cn.gov.pbc.mdmp.core.AbstractAllowCreateDiagram')
,('ff808081675d182801675e67bbd508a3','ff808081675d182801675e67bbd508a1','cn.gov.pbc.mdmp.core.ModelElement')
,('ff808081675d182801675e69539f08ac','ff808081675d182801675e69539f08ab','cn.gov.pbc.mdmp.core.ModelElement')
,('ff808081675d182801675e69539f08ad','ff808081675d182801675e69539f08ab','cn.gov.pbc.mdmp.core.AbstractAllowCreateDiagram')
,('ff808081675d182801675e6acd9408bd','ff808081675d182801675e6acd9408bc','cn.gov.pbc.mdmp.core.ModelElement')
,('ff808081675d182801675e6acd9408be','ff808081675d182801675e6acd9408bc','cn.gov.pbc.mdmp.core.AbstractAllowCreateDiagram')
,('ff808081675d182801675e6ae0c408c3','ff808081675d182801675e6ae0c408c2','cn.gov.pbc.mdmp.core.ModelElement')
,('ff808081675d182801675e6e64260905','ff808081675d182801675e6e64260904','cn.gov.pbc.mdmp.core.BelongSystem')
,('ff808081675d182801675e700a540925','ff808081675d182801675e700a540924','cn.gov.pbc.mdmp.core.BelongSystem')
,('ff808081675e727401675e78d8c1008e','ff808081675e727401675e78d8c0008d','cn.gov.pbc.mdmp.core.AbstractStaticDirectory')
,('ff808081675e727401675e798d6c00a0','ff808081675e727401675e798d6b009f','cn.gov.pbc.mdmp.core.AbstractStaticDirectory')
,('ff808081675e727401675e7a14ed00b2','ff808081675e727401675e7a14ec00b1','cn.gov.pbc.mdmp.core.AbstractStaticDirectory')
,('ff8080816763dc78016763e44e5c004e','ff808081675d182801675e26964c053e','cn.gov.pbc.mdmp.transformation.TransformationActivity')
,('ff808081675e727401675e7a840900c8','ff808081675d182801675e6f4aa40916','cn.gov.pbc.mdmp.core.ResponsibilityDepartment')
,('ff808081675e727401675e7a89ff00cc','ff808081675e727401675e7a89ff00cb','cn.gov.pbc.mdmp.core.AbstractRoot')
,('ff808081675e727401675e7b040300dd','ff808081675e727401675e7b040300dc','cn.gov.pbc.mdmp.core.ModelElement')
,('ff808081677d492e01677d85e6f600df','ff808081675e72740167621f77e50d6b','cn.gov.pbc.mdmp.core.AbstractStaticDirectory')
,('ff808081675e727401675e7c802100ff','ff808081675e727401675e7c802100fe','cn.gov.pbc.mdmp.core.AbstractAllowCreateDiagram')
,('ff808081675e727401675e7c80210100','ff808081675e727401675e7c802100fe','cn.gov.pbc.mdmp.core.ModelElement')
,('ff808081675e727401675e7d2d5f010c','ff808081675e727401675e7920680095','cn.gov.pbc.mdmp.core.ModelElement')
,('ff808081675e727401675e7d967c011a','ff808081675e727401675e7745a10061','cn.gov.pbc.mdmp.core.ResponsibilityDepartment')
,('ff808081675e727401675e7d9a97011e','ff808081675e727401675e7d9a97011d','cn.gov.pbc.mdmp.core.Classifier')
,('ff808081675e727401675e7dfbc3012b','ff808081675e727401675e76b8e3005b','cn.gov.pbc.mdmp.core.ResponsibilityDepartment')
,('ff808081675e727401675e7e43420138','ff808081675e727401675e77c168006e','cn.gov.pbc.mdmp.core.ModelElement')
,('ff808081675e727401675e7e803f0145','ff808081675e727401675e75fca60056','cn.gov.pbc.mdmp.core.ResponsibilityDepartment')
,('ff808081675e727401675e7ef3bb015c','ff808081675d182801675e6c232508ce','cn.gov.pbc.mdmp.core.ModelElement')
,('ff808081675e727401675e7f46b20171','ff808081675e727401675e7f46b20170','cn.gov.pbc.mdmp.core.ModelElement')
,('ff808081675e727401675e7f6d4d0175','ff808081675d182801675e6d7b0a08fb','cn.gov.pbc.mdmp.core.ModelElement')
,('ff808081675e727401675e802064018d','ff808081675d182801675e6ee0850912','cn.gov.pbc.mdmp.core.ResponsibilityDepartment')
,('ff808081675e727401675e8033230192','ff808081675e727401675e8033230191','cn.gov.pbc.mdmp.core.ModelElement')
,('ff808081675e727401675e8071d4019f','ff808081675d182801675e6e86720909','cn.gov.pbc.mdmp.core.AbstractAllowCreateDiagram')
,('ff808081675e727401675e8071d401a0','ff808081675d182801675e6e86720909','cn.gov.pbc.mdmp.core.ModelElement')
,('ff808081675e727401675e80f37401b8','ff808081675d182801675e6b520108c6','cn.gov.pbc.mdmp.core.ModelElement')
,('ff8080816763dc78016763e44e5c004f','ff808081675d182801675e26964c053e','cn.gov.pbc.mdmp.core.AbstractAllowCreateDiagram')
,('ff808081675e727401675e81723701e2','ff808081675e727401675e785e390085','cn.gov.pbc.mdmp.core.ModelElement')
,('ff808081675e727401675e82558e0206','ff808081675e727401675e82558d0205','cn.gov.pbc.mdmp.core.AbstractRoot')
,('ff808081675e727401675e82c7d4021b','ff808081675e727401675e82c7d3021a','cn.gov.pbc.mdmp.core.ModelElement')
,('ff8080816859c45201685aaf99d50105','ff808081675d182801675d2be2da0075','cn.gov.pbc.mdmp.core.ResponsibilityDepartment')
,('ff808081675e727401675eed75750864','ff808081675e727401675eed75740863','cn.gov.pbc.mdmp.core.AbstractRoot')
,('ff808081675e727401675eedf4630873','ff808081675d182801675d8745b40201','cn.gov.pbc.mdmp.core.AbstractAllowCreateDiagram')
,('ff8080816a58d6f9016a6857308b01da','ff8080816a58d6f9016a6850e6c201bf','cn.gov.pbc.mdmp.core.ModelElement')
,('ff808081675e72740167621516c60cb9','ff808081675e72740167621516c50cb8','cn.gov.pbc.mdmp.core.AbstractRoot')
,('ff808081675e7274016762ac77131787','ff808081675d182801675e5ca85507d0','cn.gov.pbc.mdmp.core.ModelElement')
,('ff808081675e727401676352c89018b2','ff808081675e727401675e9c5c6f03f0','cn.gov.pbc.mdmp.core.ModelElement')
,('ff808081675e727401676352c89018b3','ff808081675e727401675e9c5c6f03f0','cn.gov.pbc.mdmp.core.ResponsibilityDepartment')
,('ff808081675e72740167636d77fd196f','ff808081675d182801675e4620940666','cn.gov.pbc.mdmp.core.ModelElement')
,('ff808081675e72740167636d77fd1970','ff808081675d182801675e4620940666','cn.gov.pbc.mdmp.core.AbstractAllowCreateDiagram')
,('ff808081675e727401675ead2a7a050e','ff808081675e727401675ead2a7a050d','cn.gov.pbc.mdmp.core.ResponsibilityDepartment')
,('ff808081675e727401675eb0c0740538','ff808081675e727401675eb0c0740537','cn.gov.pbc.mdmp.core.AbstractRoot')
,('ff808081675e727401675eb1d79a054e','ff808081675e727401675eb1d799054d','cn.gov.pbc.mdmp.core.AbstractAllowCreateDiagram')
,('ff808081675e727401675eb1d79a054f','ff808081675e727401675eb1d799054d','cn.gov.pbc.mdmp.core.ModelElement')
,('ff808081675e727401675ec0901c05e3','ff808081675e727401675ea8077204b9','cn.gov.pbc.mdmp.core.ModelElement')
,('ff808081675e727401675ec0901c05e4','ff808081675e727401675ea8077204b9','cn.gov.pbc.mdmp.core.AbstractAllowCreateDiagram')
,('ff808081675e727401675ec1352505fb','ff808081675e727401675ea762e504aa','cn.gov.pbc.mdmp.core.ModelElement')
,('ff808081675e727401675ec1352505fc','ff808081675e727401675ea762e504aa','cn.gov.pbc.mdmp.core.AbstractAllowCreateDiagram')
,('ff808081675e727401675ec1b28d060b','ff808081675e727401675ea8ed9804c1','cn.gov.pbc.mdmp.core.Classifier')
,('ff808081675e727401675ec2ddae061b','ff808081675e727401675ec2ddad061a','cn.gov.pbc.mdmp.transformation.ClassifierMap')
,('ff808081675e727401675ec3a55d0625','ff808081675e727401675ec3a55d0624','cn.gov.pbc.mdmp.transformation.Transformation')
,('ff808081675e727401675ec46ecf0636','ff808081675e727401675ec46ecf0635','cn.gov.pbc.mdmp.transformation.FeatureMap')
,('ff808081675e727401675ed57a0406ae','ff808081675e727401675ed57a0406ad','cn.gov.pbc.mdmp.core.AbstractRoot')
,('ff808081675e727401675ed6466d06b7','ff808081675e727401675ed6466d06b6','cn.gov.pbc.mdmp.core.ModelElement')
,('ff808081675e727401675edabf0206f4','ff808081675e727401675edabf0206f3','cn.gov.pbc.mdmp.core.AbstractAllowCreateDiagram')
,('ff808081675e727401675edabf0206f5','ff808081675e727401675edabf0206f3','cn.gov.pbc.mdmp.core.ModelElement')
,('ff808081675e727401675ede56b60722','ff808081675e727401675ede56b60721','cn.gov.pbc.mdmp.core.ModelElement')
,('ff808081675e727401675edf60fa0737','ff808081675e727401675edf60fa0736','cn.gov.pbc.mdmp.core.ModelElement')
,('ff808081675e727401675ee241f3075f','ff808081675e727401675ee241f3075e','cn.gov.pbc.mdmp.resource.relational.Column')
,('ff808081675e7274016763529e8218ad','ff808081675e727401675e97c515037c','cn.gov.pbc.mdmp.core.AbstractAllowCreateDiagram')
,('ff808081675e727401675ee3b90b078a','ff808081675e727401675ea899a104bd','cn.gov.pbc.mdmp.core.Feature')
,('ff808081675e7274016762772ada1467','ff808081675e727401675ee384d90785','cn.gov.pbc.mdmp.core.ModelElement')
,('ff808081675e727401675ee5fde007c2','ff808081675e727401675ee5fde007c1','cn.gov.pbc.mdmp.core.ResponsibilityDepartment')
,('ff808081675e727401675ee5fde007c3','ff808081675e727401675ee5fde007c1','cn.gov.pbc.mdmp.core.BelongSystem')
,('ff808081675e727401675ee5fde007c4','ff808081675e727401675ee5fde007c1','cn.gov.pbc.mdmp.core.ModelElement')
,('ff808081675e727401675ef62673096f','ff808081675e727401675ef62673096e','cn.gov.pbc.mdmp.core.AbstractAllowCreateDiagram')
,('ff808081675e727401675ee8f2a80814','ff808081675e727401675ee8f2a70813','cn.gov.pbc.mdmp.core.AbstractStaticDirectory')
,('ff808081675e727401675ee9a1380822','ff808081675e727401675ee9a1370821','cn.gov.pbc.mdmp.core.AbstractStaticDirectory')
,('ff808081675e727401675eea13be0834','ff808081675e727401675eea13be0833','cn.gov.pbc.mdmp.core.AbstractStaticDirectory')
,('ff808081675e727401675ef626730970','ff808081675e727401675ef62673096e','cn.gov.pbc.mdmp.core.ModelElement')
,('ff808081675e72740167621653dd0cd1','ff808081675e72740167621653dd0cd0','cn.gov.pbc.mdmp.core.BelongSystem')
,('ff808081675e727401676215b25e0cc2','ff808081675e727401675ef7579b099a','cn.gov.pbc.mdmp.core.ModelElement')
,('ff808081675e727401675f3e414a0bac','ff808081675d182801675d88814f020d','cn.gov.pbc.mdmp.resource.relational.NamedColumnSet')
,('ff808081675e727401675f3e414a0bad','ff808081675d182801675d88814f020d','cn.gov.pbc.mdmp.transformation.DataObjectSet')
,('ff808081675e727401675f4056cd0bb7','ff808081675d182801675d83203e01ed','cn.gov.pbc.mdmp.resource.relational.NamedColumnSet')
,('ff808081675e727401675f40d9ca0bc2','ff808081675d182801675d8797a50205','cn.gov.pbc.mdmp.core.AbstractAllowCreateDiagram')
,('ff808081675e72740167620a18a10c02','ff808081675e72740167620a18a10c01','cn.gov.pbc.mdmp.core.ModelElement')
,('ff808081675e72740167620fc2180c56','ff808081675e72740167620fc2180c55','cn.gov.pbc.mdmp.core.ModelElement')
,('ff808081675e72740167621112ef0c80','ff808081675e72740167621112ef0c7f','cn.gov.pbc.mdmp.core.ModelElement')
,('ff80808168549f120168558d98b601f3','ff808081675e727401676212826c0c8a','cn.gov.pbc.mdmp.core.AbstractStaticDirectory')
,('ff808081675e727401676213d4c60ca2','ff808081675e727401675ef38f440919','cn.gov.pbc.mdmp.core.ModelElement')
,('ff808081675e72740167621bda780d2c','ff808081675e72740167621bda780d2b','cn.gov.pbc.mdmp.core.AbstractStaticDirectory')
,('ff808081675e72740167621c5ac00d36','ff808081675e72740167621c5ac00d35','cn.gov.pbc.mdmp.core.AbstractStaticDirectory')
,('ff808081675e72740167621d41250d40','ff808081675e72740167621d41250d3f','cn.gov.pbc.mdmp.core.AbstractStaticDirectory')
,('ff808081675e72740167621de8510d52','ff808081675e72740167621de8510d51','cn.gov.pbc.mdmp.core.AbstractStaticDirectory')
,('ff808081675e72740167621e75780d5f','ff808081675e72740167621e75780d5e','cn.gov.pbc.mdmp.core.AbstractStaticDirectory')
,('ff808081677d492e016782dc62920191','ff808081675d182801675df0020d04e4','cn.gov.pbc.mdmp.core.Classifier')
,('ff808081675e72740167621ff2860d77','ff808081675e72740167621ff2860d76','cn.gov.pbc.mdmp.core.AbstractStaticDirectory')
,('ff808081675e7274016762215c1e0d90','ff808081675e7274016762215c1e0d8f','cn.gov.pbc.mdmp.core.AbstractStaticDirectory')
,('ff808081677d492e016782dd05400198','ff808081675e727401675e8332220234','cn.gov.pbc.mdmp.core.ModelElement')
,('ff808081675e727401676222a1e90db1','ff808081675e727401676222a1e90db0','cn.gov.pbc.mdmp.core.AbstractStaticDirectory')
;
INSERT INTO MDMP_REF_SUPER_CLASS (SUPER_CLASS_ID,CLASS_ID,SUPER_CLASS) VALUES 
('ff808081675e7274016762231b5b0dbf','ff808081675e7274016762231b5b0dbe','cn.gov.pbc.mdmp.core.AbstractStaticDirectory')
,('ff808081675e727401676223a4590dd2','ff808081675e727401676223a4590dd1','cn.gov.pbc.mdmp.core.AbstractStaticDirectory')
,('ff8080816859c45201685aaf99d50106','ff808081675d182801675d2be2da0075','cn.gov.pbc.mdmp.core.BelongSystem')
,('ff808081675e727401676258cc5111c2','ff808081675e727401675ee5141207b5','cn.gov.pbc.mdmp.core.AbstractRoot')
,('ff808081675e7274016762772ada1468','ff808081675e727401675ee384d90785','cn.gov.pbc.mdmp.resource.relational.PrimaryKey')
,('ff808081675e7274016763529e8218ae','ff808081675e727401675e97c515037c','cn.gov.pbc.mdmp.core.ModelElement')
,('ff8080816763dc78016763e44e5c0050','ff808081675d182801675e26964c053e','cn.gov.pbc.mdmp.core.BelongSystem')
,('ff8080816763dc78016772f716f002f1','ff808081675d182801675e628208083a','cn.gov.pbc.mdmp.core.AbstractRoot')
,('ff8080816763dc7801677215455001fd','ff808081675d182801675d820a8e01e8','cn.gov.pbc.mdmp.resource.relational.NamedColumnSet')
,('ff8080816763dc7801677215455001fe','ff808081675d182801675d820a8e01e8','cn.gov.pbc.mdmp.transformation.DataObjectSet')
,('ff8080816859c45201685aaf99d60107','ff808081675d182801675d2be2da0075','cn.gov.pbc.mdmp.core.ModelElement')
,('ff808081693865c001693d5abd495ac0','ff808081675e727401675ef906d409ab','cn.gov.pbc.mdmp.core.ModelElement')
,('ff808081693865c001693d5abd4a5ac1','ff808081675e727401675ef906d409ab','cn.gov.pbc.mdmp.core.ResponsibilityDepartment')
;

--关联关系

INSERT INTO MDMP_CLS_RELATION (CLS_RELATION_ID,CLASS_ID,NAME,KIND,META_CLASS,RELATION_TYPE,OPERATION_ID) VALUES 
('ff808081675e727401675e82355701fd','ff808081675d182801675e628208083a','数据标准','source','business.DataStandard','hierarchy','dbb72ef4b59849939958de4aff5cbc71')
,('ff808081675e727401675e8289e10212','ff808081675d182801675e628208083a','业务目录','source','business.BusinessDirectory','hierarchy','e898170f8abb492cb5ebe898c69053d0')
,('ff808081675e727401675e82f49c0227','ff808081675d182801675e628208083a','指标目录','source','business.IndicatorDirectory','hierarchy','434b554d864e41399f1fdaf79b2b607b')
,('ff808081675e727401675e8366860240','ff808081675d182801675e628208083a','维度目录','source','business.DimensionDirectory','hierarchy','be627c0c9f304be3ac6b1071934c2178')
,('ff808081675e727401675e83d86a024e','ff808081675d182801675e628208083a','公共统计规则目录','source','business.CommonStatisticsRuleDirectory','hierarchy','4d7f79bd6c854e4f876ca64066604dad')
,('ff808081675e727401675e842cc80263','ff808081675d182801675e628208083a','度量目录','source','business.MeasureDirectory','hierarchy','1e43b1fe8c4049acb8da33b929a5823d')
,('ff808081675e727401675e84a668026e','ff808081675d182801675e63cf8d084c','主题','source','business.Subject','hierarchy','752038dfbd954a6fb98ed398e49ed50f')
,('ff808081675e727401675e8517110278','ff808081675e727401675e785e390085','业务分类','source','business.BusinessClassification','hierarchy','17578de6ac8c4ffd962615f212fa9fc5')
,('ff808081675e727401675e85d933028d','ff808081675e727401675e7920680095','业务分类','source','business.BusinessClassification','hierarchy','688ede1aed2e4bcea87797f0ade0d4d0')
,('ff808081675e727401675e8627d3029d','ff808081675e727401675e7920680095','业务属性','source','business.BusinessAttribute','hierarchy','d2ce08cbfff24af9a8143aa0137151d3')
,('ff808081675e727401675e868cd902a7','ff808081675d182801675e64db43086f','业务','source','business.Business','hierarchy','07538a18935249fb9a3cdc47a3ca7657')
,('ff808081675e727401675e871f6402b1','ff808081675d182801675e64db43086f','公共代码类型','source','business.CommonCodeClassfication','hierarchy','cc6ac322344d491db9188224ca860b82')
,('ff808081675e727401675e87954402bd','ff808081675d182801675e6f4aa40916','业务规则','source','business.BusinessRule','hierarchy','edac729dd9d24e88bb5a1417d898133c')
,('ff808081675e727401675e87d76f02c7','ff808081675d182801675e6f4aa40916','业务术语','source','business.BusinessGlossary','hierarchy','b543f49c65b0445e8fd161769af564b1')
,('ff808081675e727401675e88c9cd02da','ff808081675e727401675e75fca60056','公共代码','source','business.CommonCode','hierarchy','bc2eda2289d847068086e6e316b0ecba')
,('ff808081675e727401675e8958dc02eb','ff808081675d182801675e66a4690894','指标分类','source','business.IndicatorClassification','hierarchy','52d3751c5e5343a8b8f63d3d1cfb8af1')
,('ff808081675e727401675e89aaf602f4','ff808081675d182801675e6e86720909','指标','source','business.Indicator','hierarchy','da0a3070e2c142168068245b064e6b12')
,('ff808081675e727401675e8a2b6502fd','ff808081675d182801675e67bbd508a1','维度','source','business.Dimension','hierarchy','4cbdbd7902b242e18f5ccaa8e0876fcb')
,('ff808081675e727401675e8e24930313','ff808081675d182801675e69539f08ab','公共统计规则','source','business.CommonStatisticsRule','hierarchy','71831d3a72aa4c08871e033e123db2de')
,('ff808081675e727401675e8e810d031c','ff808081675d182801675e6acd9408bc','度量','source','business.Measure','hierarchy','e96496b7a12b4f3784b390d2744656b4')
,('ff808081675e727401675e902c050333','ff808081675d182801675e6e86720909','指标分类','source','business.IndicatorClassification','hierarchy','79238066d0344cc496f3cae67b34d202')
,('ff808081675e727401675e9460a80351','ff808081675d182801675e67bbd508a1','维度目录','source','business.DimensionDirectory','hierarchy','d1a9d71218c8430991166526c529770b')
,('ff808081675e727401675e94ddc2035f','ff808081675d182801675e69539f08ab','公共统计规则目录','source','business.CommonStatisticsRuleDirectory','hierarchy','41592c39f74d4d559d796a5e085a2fa6')
,('ff808081675e727401675e9a500e03bc','ff808081675d182801675e6acd9408bc','度量目录','source','business.MeasureDirectory','hierarchy','67bae1c4895f4200909acf39e67a3e41')
,('ff808081675e727401675eeed1a80893','ff808081675e727401675eed75740863','HBase目录','source','bigdata.HBaseDirectory','hierarchy','7ab7a12531a74cb9ae726ac0ec9a77f8')
,('ff808081675e727401675eef3c0c08a1','ff808081675e727401675eed75740863','Hdfs目录','source','bigdata.HdfsDirectory','hierarchy','bc596db71c0242e59e03e3635f2223f1')
,('ff808081675e727401675eef898b08ab','ff808081675e727401675eed75740863','Hive目录','source','bigdata.HiveDirectory','hierarchy','3eaf26c58d3d4929866beb8da1643842')
,('ff808081675e727401675ef1716b08d9','ff808081675e727401675ee9a1370821','层次','source','bigdata.hdfs.HdfsLevel','hierarchy','b25f5b99cb904beaa8d784440514a73e')
,('ff808081675e727401675e9a86b103bf','ff808081675d182801675e4a6f0b06ab','命名空间','source','bigdata.hbase.HBaseNameSpace','hierarchy','00736009529240689dc493d965585a0f')
,('ff808081675e727401675e9ae95a03c9','ff808081675d182801675e4620940666','表','source','bigdata.hbase.HBaseTable','hierarchy','ca002a0e873b441d8d044b512bd10345')
,('ff808081675e727401675e9b5b7c03d5','ff808081675d182801675e4620940666','成员','source','bigdata.hbase.HBaseFamily','hierarchy','7aec194c81a647df8c9b819cebf00e3d')
,('ff808081675e727401675ef1f03a08e7','ff808081675d182801675d8745b40201','Catalog-Schema','source','cn.gov.pbc.mdmp.resource.relational.Schema','aggregation','aa172b834fd64b2bbae54232132872e7')
,('ff808081675e727401675e9c6f1403fa','ff808081675e727401675e7c802100fe','文件','source','bigdata.hdfs.HdfsFile','hierarchy','2311539d65ae4cd09394924ff2791d87')
,('ff808081675e727401675e9ce7c6040f','ff808081675e727401675e7d9a97011d','字段','source','bigdata.hdfs.HdfsField','hierarchy','bf0f9c621b4f4de787720ca540fbab86')
,('ff808081675e727401675efc37d809d1','ff808081675d182801675d68a15c0164','RecordDef-Field','target','cn.gov.pbc.mdmp.resource.record.RecordDef','aggregation','74d0ba9afd834161bb4a415da31dca2b')
,('ff808081675e727401675ef30a350905','ff808081675e727401675ee8f2a70813','HBase','source','bigdata.hbase.HBase','hierarchy','b3189383b7054e22bd551c6ab70e246f')
,('ff808081675e727401675eaa126404dc','ff808081675e727401675ea8077204b9','库','source','bigdata.hive.HiveDataBase','hierarchy','cee3998b6fdc46fab3bd202b7d98de19')
,('ff808081675e727401675eaa55d504e6','ff808081675e727401675ea762e504aa','表','source','bigdata.hive.HiveTable','hierarchy','ee5cb91389a14bcfacf31cd122c0c486')
,('ff808081675e727401675eab0c8504f6','ff808081675e727401675ea8ed9804c1','字段','source','bigdata.hive.HiveColumn','hierarchy','dd4c45778f5641c38eab6af11ceadc73')
,('ff808081675e727401675eb2c2800559','ff808081675d182801675d54be720112','类','source','cn.gov.pbc.mdmp.core.Class','dependence',NULL)
,('ff808081675e727401675ebe08c505cb','ff808081675d182801675d54be720112','index-feature','source','cn.gov.pbc.mdmp.core.Feature','composition','27d00a55845e496d808f3b4f65850dc4')
,('ff808081675e727401675ebe08c705cd','ff808081675d182801675d316d6000a2','index-feature','target','cn.gov.pbc.mdmp.keyindexes.Index','composition','27d00a55845e496d808f3b4f65850dc4')
,('ff808081675e727401675ebf68de05d3','ff808081675d182801675d55ceb3011b','indexfeature-structuralfaeture','source','cn.gov.pbc.mdmp.core.StructuralFeature','composition','7ef6d44d7d2e4359b037665ff4db63d4')
,('ff808081675e727401675ebf68e005d5','ff808081675d182801675d2cfdd6007e','indexfeature-structuralfaeture','target','cn.gov.pbc.mdmp.keyindexes.IndexFeature','composition','7ef6d44d7d2e4359b037665ff4db63d4')
,('ff808081675e727401675ec090f005e6','ff808081675d182801675d56ca7b0124','keyrelationshi-structuralfaeture','source','cn.gov.pbc.mdmp.core.StructuralFeature','composition','42c8ab6fcdfb4cf1959292a70591eade')
,('ff808081675e727401675ec090f105e8','ff808081675d182801675d2cfdd6007e','keyrelationshi-structuralfaeture','target','cn.gov.pbc.mdmp.keyindexes.KeyRelationship','composition','42c8ab6fcdfb4cf1959292a70591eade')
,('ff808081675e727401675ec128c405f5','ff808081675d182801675d5410150109','uniquekey-structuralfaeture','source','cn.gov.pbc.mdmp.core.StructuralFeature','composition','4cdeca8919fa46b18b69a1c081e579c7')
,('ff808081675e727401675ec128c605f7','ff808081675d182801675d2cfdd6007e','uniquekey-structuralfaeture','target','cn.gov.pbc.mdmp.keyindexes.UniqueKey','composition','4cdeca8919fa46b18b69a1c081e579c7')
,('ff808081675e727401675ee803f707fe','ff808081675d182801675d672e9c015b','RecordDef-Field','source','cn.gov.pbc.mdmp.resource.record.Field','aggregation','74d0ba9afd834161bb4a415da31dca2b')
,('ff808081675e727401675efc8d0009d6','ff808081675d182801675d672e9c015b','RecordFile-RecordDef','target','cn.gov.pbc.mdmp.resource.record.RecordFile','aggregation','40a5a7e4559c490d8bf6c7faadf19b78')
,('ff808081675e727401675eead8cd083b','ff808081675d182801675d6657520152','RecordFile-RecordDef','source','cn.gov.pbc.mdmp.resource.record.RecordDef','aggregation','40a5a7e4559c490d8bf6c7faadf19b78')
,('ff808081675e727401675f06f5c309f0','ff808081675d182801675d8a746c0219','Function-FunctionParameter','source','cn.gov.pbc.mdmp.resource.relational.FunctionParameter','composition','d1c52e99c6164facaba2a7d09b68cad2')
,('ff808081675e727401675ef3900e091d','ff808081675d182801675d800a0201d6','检查约束','source','cn.gov.pbc.mdmp.resource.relational.CheckConstraint','dependence',NULL)
,('ff808081675e727401675ef3b42b0924','ff808081675e727401675ee9a1370821','文件','source','bigdata.hdfs.HdfsFile','hierarchy','ae9ae2a643094099af6bf2b04991f150')
,('ff808081675e727401675ef44010093c','ff808081675e727401675eea13be0833','Hive','source','bigdata.hive.Hive','hierarchy','0bbb3c6825af4101aa33707d4c845ead')
,('ff80808167786f2901677c75ee9a02be','ff808081675d182801675d220b76003d','AbstractStaticDirectory-Sequence','source','database.SequenceDirectory','aggregation','738e2c766f5a43c4b0d2a442c139475f')
,('ff808081675e727401675efb0af009c8','ff808081675d182801675d7d533d01cd','Column-ForeignKey','source','cn.gov.pbc.mdmp.resource.relational.ForeignKey','dependence',NULL)
,('ff808081675e727401675ef7266e0990','ff808081675d182801675d84485801f1','字段','source','cn.gov.pbc.mdmp.resource.relational.Column','dependence',NULL)
,('ff808081675e727401675ef85732099f','ff808081675e727401675ea8ed9804c1','HiveTable-HiveColumn','source','bigdata.hive.HiveColumn','composition','957321d7021d4d71a8c5f1816693af34')
,('ff808081675e727401675ef8573309a1','ff808081675e727401675ea899a104bd','HiveTable-HiveColumn','target','bigdata.hive.HiveTable','composition','957321d7021d4d71a8c5f1816693af34')
,('ff808081675e727401675ef9c16709ba','ff808081675d182801675d7d533d01cd','Column-Checkstraint','source','cn.gov.pbc.mdmp.resource.relational.CheckConstraint','dependence',NULL)
,('ff80808167786f2901677c75ee9e02c0','ff808081675e72740167622471fc0de0','AbstractStaticDirectory-Sequence','target','cn.gov.pbc.mdmp.core.AbstractStaticDirectory','aggregation','738e2c766f5a43c4b0d2a442c139475f')
,('ff808081675e727401675efb584309cc','ff808081675d182801675d8797a50205','Catalog-Schema','target','cn.gov.pbc.mdmp.resource.relational.Catalog','aggregation','aa172b834fd64b2bbae54232132872e7')
,('ff808081675e727401675f06f5c509f2','ff808081675d182801675d8a149c0215','Function-FunctionParameter','target','cn.gov.pbc.mdmp.resource.relational.Function','composition','d1c52e99c6164facaba2a7d09b68cad2')
,('ff808081675e727401675f0bb42f0a0d','ff808081675d182801675d820a8e01e8','Table-Partition','source','cn.gov.pbc.mdmp.resource.relational.Partition','composition','4fed3add3e934b60b2300a0b640f1259')
,('ff808081675e727401675f0bb4300a0f','ff808081675d182801675d86814c01fd','Table-Partition','target','cn.gov.pbc.mdmp.resource.relational.Table','composition','4fed3add3e934b60b2300a0b640f1259')
,('ff808081675e727401675f0cb64b0a1a','ff808081675d182801675d84f50201f5','PrimaryKey-Column','source','cn.gov.pbc.mdmp.resource.relational.Column','dependence',NULL)
,('ff808081675e727401675f1027530a32','ff808081675d182801675d820a8e01e8','Table-PrimaryKey','source','cn.gov.pbc.mdmp.resource.relational.PrimaryKey','composition','efb3905a5d514cd6b59a73e87cc9178e')
,('ff808081675e727401675f1027540a34','ff808081675d182801675d84f50201f5','Table-PrimaryKey','target','cn.gov.pbc.mdmp.resource.relational.Table','composition','efb3905a5d514cd6b59a73e87cc9178e')
,('ff808081675e727401675f1434210a4d','ff808081675d182801675d8b035d021d','Procedure-ProcedureParameter','source','cn.gov.pbc.mdmp.resource.relational.ProcedureParameter','composition','dd5facf7adfd47019d26c25ecc3efcd0')
,('ff808081675e727401675f1434220a4f','ff808081675d182801675d8bd0e40221','Procedure-ProcedureParameter','target','cn.gov.pbc.mdmp.resource.relational.Procedure','composition','dd5facf7adfd47019d26c25ecc3efcd0')
,('ff808081675e727401675f17fc4a0a7b','ff808081675d182801675d8797a50205','Schema-ColumnSet','source','cn.gov.pbc.mdmp.resource.relational.CloumnSet','aggregation','5d52af4391074bb58a68c8b3492c7d1b')
,('ff808081675e727401675f17fc4b0a7d','ff808081675d182801675d800a0201d6','Schema-ColumnSet','target','cn.gov.pbc.mdmp.resource.relational.Schema','aggregation','5d52af4391074bb58a68c8b3492c7d1b')
,('ff808081675e727401675f18b5420a83','ff808081675d182801675d8797a50205','Schema-Function','source','cn.gov.pbc.mdmp.resource.relational.Function','composition','04ba6bac3071440cbfbfbcf75de807f3')
,('ff808081675e727401675f18b5440a85','ff808081675d182801675d8a746c0219','Schema-Function','target','cn.gov.pbc.mdmp.resource.relational.Schema','composition','04ba6bac3071440cbfbfbcf75de807f3')
,('ff80808167786f2901677d3d06340397','ff808081675d182801675e25f45d053a','ETL工程','source','etl.ETLActivity','hierarchy','f60e57846c42442babde4f6320ddf7ff')
,('ff80808167786f2901677d3e148503a6','ff808081675d182801675e26964c053e','ETL子系统','source','etl.ETLSubSystem','hierarchy','6bd0da8e83d942978fb0651ea819196c')
,('ff80808167786f2901677d3e62f203b1','ff808081675d182801675e27f0310546','ETL作业','source','etl.ETLJob','hierarchy','d84fbb1ff62f42339dfccec2aac30e42')
,('ff80808167786f2901677d3ed14203bd','ff808081675d182801675e29e0080556','ETL任务','source','etl.ETLTask','hierarchy','7c7206d854134e9aa0d2ccaa6cd3ac68')
,('ff808081675e727401675f2ba60c0b19','ff808081675d182801675d83203e01ed','Synonyms-SynonymsColumn','source','cn.gov.pbc.mdmp.resource.relational.SynonymsColumn','composition','9b2a80f5cd154468b184f18e8d454586')
,('ff808081675e727401675f2ba60d0b1b','ff808081675d182801675d7c96d501c4','Synonyms-SynonymsColumn','target','cn.gov.pbc.mdmp.resource.relational.Synonyms','composition','9b2a80f5cd154468b184f18e8d454586')
,('ff808081675e727401675f2c6b110b25','ff808081675d182801675d7c96d501c4','SynonymsColumn-Column','source','cn.gov.pbc.mdmp.resource.relational.Column','dependence',NULL)
,('ff808081675e727401675f33808d0b4c','ff808081675d182801675d820a8e01e8','Table-UniqueConstraint','source','cn.gov.pbc.mdmp.resource.relational.UniqueConstraint','aggregation','a3ed2e36cb7d423d94f6f57897266e59')
,('ff808081675e727401675f33808e0b4e','ff808081675d182801675d85eb4b01f9','Table-UniqueConstraint','target','cn.gov.pbc.mdmp.resource.relational.Table','aggregation','a3ed2e36cb7d423d94f6f57897266e59')
,('ff80808167786f2901677d3f6d2203cd','ff808081675d182801675e29e0080556','ETL脚本','source','etl.ETLScript','hierarchy','c3b1d112dcff4a91bf4b0acda334707f')
,('ff80808167786f2901677d40142403dc','ff808081675d182801675e26964c053e','ETL目录','source','etl.ETLDirectory','hierarchy','f20d55bbdb574545bc614ff2e70cab36')
,('ff808081675e72740167620f19f90c45','ff808081675e727401675ead2a7a050d','主机','source','system.Machin','dependence',NULL)
,('ff808081675e72740167620fe4560c59','ff808081675e727401675eb0c0740537','目录','source','resources.Directory','hierarchy','8597cb0f0afb450daad40d14507b0291')
,('ff808081675e72740167621043f60c65','ff808081675e727401675eb1d799054d','文件','source','resources.File','hierarchy','e1cf4442b4bc4d69b28767eb8d3382e8')
,('ff808081675e7274016762108a6f0c73','ff808081675e727401675eb1d799054d','目录','source','resources.Directory','hierarchy','eac88321a2f94ad9914165cb0b29c136')
,('ff808081675e727401676220765c0d82','ff808081675d182801675dd1226b03e8','ClassifierMap-FeatureMap','source','cn.gov.pbc.mdmp.transformation.FeatureMap','aggregation','12308d7640f8456aba51508853d99007')
,('ff808081675e72740167622076610d84','ff808081675d182801675dcd956b03db','ClassifierMap-FeatureMap','target','cn.gov.pbc.mdmp.transformation.ClassifierMap','aggregation','12308d7640f8456aba51508853d99007')
,('ff808081675e7274016762236b540dc7','ff808081675d182801675dceb44703e0','DataObjectSet-ModelElement','source','cn.gov.pbc.mdmp.core.ModelElement','composition','5ab9a879a00544119cc54e156e641e0e')
,('ff808081675e7274016762236b550dc9','ff80808167597b7f016759a2b6ce0076','DataObjectSet-ModelElement','target','cn.gov.pbc.mdmp.transformation.DataObjectSet','composition','5ab9a879a00544119cc54e156e641e0e')
,('ff808081675e727401676226068a0e02','ff808081675e72740167621516c50cb8','数据库类型','source','database.DatabaseClassfication','hierarchy','3da6f047a76a46cd8f3d9aa847e3c139')
,('ff80808167786f2901677d40734803e6','ff808081675d182801675e2755400542','常量','source','etl.ETLConstant','hierarchy','f73c2d9724e445d28ec37d0d99bfc663')
,('ff80808167786f2901677d41568703ef','ff808081675d182801675e2755400542','库','source','etl.ETLSchema','hierarchy','47fb3a1e01df4050a3f4bddac00ab2a3')
,('ff808081675e727401676229136e0e31','ff808081675e72740167620fc2180c55','数据库','source','database.Database','hierarchy','3b6fd1fa9ad64968a4d328128dde77aa')
,('ff808081675e727401676229ed460e41','ff808081675e72740167621653dd0cd0','Catalog','source','cn.gov.pbc.mdmp.resource.relational.Catalog','hierarchy','bf366a016a314f499d501aa46b2ad8d0')
,('ff808081675e727401676229f6910e44','ff808081675d182801675dcfae1403e4','StepPrecedence-TransformationSte','source','cn.gov.pbc.mdmp.transformation.TransformationStep','aggregation','ccd0952442724c6c995e91ccddddb385')
;
INSERT INTO MDMP_CLS_RELATION (CLS_RELATION_ID,CLASS_ID,NAME,KIND,META_CLASS,RELATION_TYPE,OPERATION_ID) VALUES 
('ff808081675e727401676229f6930e46','ff808081675d182801675dd4614303fe','StepPrecedence-TransformationSte','target','cn.gov.pbc.mdmp.transformation.StepPrecedence','aggregation','ccd0952442724c6c995e91ccddddb385')
,('ff808081675e72740167622aa9880e50','ff808081675e72740167621653dd0cd0','Schema','source','cn.gov.pbc.mdmp.resource.relational.Schema','hierarchy','c67c5762ccd242b3badd3056c5665d65')
,('ff808081675e72740167622b0c240e5b','ff808081675e72740167621653dd0cd0','表空间目录','source','database.TablespaceDirectory','hierarchy','f9e9afa460664e268c8bfd8e19dc2852')
,('ff808081693865c001693d54abd05ab1','ff808081693865c001693d426ebd5a76','金融统计制度表单包含指标','source','report.KeyIndicator','hierarchy','c933af8f47894db49a190b462c0203a0')
,('ff808081675e72740167622d81d70e81','ff808081675e72740167621c5ac00d35','表空间','source','cn.gov.pbc.mdmp.resource.relational.Tablespace','hierarchy','dc9bce6d1e734002bda7f0f0ed3122e3')
,('ff808081675e72740167622df2990e8a','ff808081675d182801675dd518aa0402','TransformationActivity-Transform','source','cn.gov.pbc.mdmp.transformation.TransformationStep','aggregation','538111a497dd4de3953dbd0ea16e3148')
,('ff808081675e72740167622df29a0e8c','ff808081675d182801675dd4614303fe','TransformationActivity-Transform','target','cn.gov.pbc.mdmp.transformation.TransformationActivity','aggregation','538111a497dd4de3953dbd0ea16e3148')
,('ff808081675e72740167622f3b550e97','ff808081675d182801675d8797a50205','序列目录','source','database.SequenceDirectory','hierarchy','02cb5804d08c48149db8b889c95d9f7c')
,('ff808081675e72740167622f7b220ea0','ff808081675d182801675d8797a50205','索引目录','source','database.IndexDirectory','hierarchy','a9d7ad037f3144f0a1a0317913f77b6f')
,('ff808081675e72740167623002550ea9','ff808081675d182801675d8797a50205','同义词目录','source','database.SynonymsDirectory','hierarchy','a7d7b2be72c54768b6a52818a07101fd')
,('ff808081675e7274016762304b620eb2','ff808081675d182801675d8797a50205','视图目录','source','database.ViewDirectory','hierarchy','625cec22a4fe431a9a461a7394fc5851')
,('ff808081675e72740167623091210ebb','ff808081675d182801675d8797a50205','表目录','source','database.TableDirectory','hierarchy','cb1370b0456048a5a2d2908843ce1ff2')
,('ff808081675e7274016762311faf0ec4','ff808081675d182801675d8797a50205','存储过程目录','source','database.ProcedureDirectory','hierarchy','e1abf5a4a901405183d6010157126081')
,('ff808081675e727401676231534f0ecd','ff808081675d182801675d8797a50205','函数目录','source','database.FunctionDirectory','hierarchy','e9734cf21d594fa8867c8b1c71bf6896')
,('ff808081675e727401676231f8a90edc','ff808081675d182801675d8797a50205','触发器目录','source','database.TriggerDirectory','hierarchy','37ef3f352fa84a4385345791935c8fbd')
,('ff808081675e727401676232ba850ee7','ff808081675e72740167622471fc0de0','序列','source','cn.gov.pbc.mdmp.resource.relational.Sequence','hierarchy','7b6c05ec8eff40b5a6711771caa575c0')
,('ff808081675e7274016762332a060ef6','ff808081675e727401676222a1e90db0','索引','source','cn.gov.pbc.mdmp.resource.relational.SqlIndex','hierarchy','893ccc60da3443e69160b03c702bd86f')
,('ff808081675e72740167623385720f05','ff808081675e72740167621f77e50d6b','同义词','source','cn.gov.pbc.mdmp.resource.relational.Synonyms','hierarchy','27bb6be78a7346079d6c3aec59afc0d6')
,('ff808081675e72740167623415ec0f19','ff808081675e72740167621ff2860d76','视图','source','cn.gov.pbc.mdmp.resource.relational.View','hierarchy','783567328aff4c58b6a2818e5a6f7da4')
,('ff80808167786f2901677d4206a303f9','ff808081675d182801675e290f30054e','持久化类、文件','source','etl.PersisClass','hierarchy','d20ae21876554464acac175a347e1e4a')
,('ff80808167786f2901677d4279990403','ff808081675d182801675e2a9181055a','持久化字段、属性','source','etl.PersisAttribute','hierarchy','1c80b23758684814a4e10cb2db6e25a5')
,('ff808081675e7274016762349ffb0f2e','ff808081675e727401676212826c0c8a','表分类','source','database.TableCatalog','hierarchy','d7e6fb999abf4c37841565148dd4677e')
,('ff808081675e727401676235897f0f4e','ff808081675e7274016762231b5b0dbe','存储过程','source','cn.gov.pbc.mdmp.resource.relational.Procedure','hierarchy','c79a38d2135d462faf8e05a53c7aa09c')
,('ff808081675e727401676235ec580f5a','ff808081675e72740167621bda780d2b','函数','source','cn.gov.pbc.mdmp.resource.relational.Function','hierarchy','ff494d488d9e4efaae59a16949d8e78e')
,('ff808081675e727401676236427b0f64','ff808081675e727401676223a4590dd1','触发器','source','cn.gov.pbc.mdmp.resource.relational.Tigger','hierarchy','eb91e1889d3c48afaf337f3628a266cd')
,('ff808081675e727401676236be690f76','ff808081675e72740167621112ef0c7f','表分类','source','database.TableCatalog','hierarchy','0df04c621e104aafb47c89c852634278')
,('ff808081675e727401676237618a0f87','ff808081675d182801675dd1ee4d03ed','TransformationTask','source','cn.gov.pbc.mdmp.transformation.TransformationTask','aggregation','175c4c9fb24447eb861f3ca76dea3991')
,('ff808081675e727401676237618b0f89','ff808081675d182801675dd1ee4d03ed','TransformationTask','target','cn.gov.pbc.mdmp.transformation.TransformationTask','aggregation','175c4c9fb24447eb861f3ca76dea3991')
,('ff808081675e72740167623a7ba20fb6','ff808081675e72740167621112ef0c7f','表','source','cn.gov.pbc.mdmp.resource.relational.Table','hierarchy','481a56be9151415daa3e70f3db654359')
,('ff808081675e72740167623b6f800fc8','ff808081675d182801675dd5a1210406','TransformationUse-Transformation','source','cn.gov.pbc.mdmp.transformation.Transformation','aggregation','fc08d6cf665148c496bcd36f8ee4e97a')
,('ff80808167786f2901677d42f963040c','ff808081675d182801675e290f30054e','非持久化类、文件','source','etl.NonPersisClass','hierarchy','96868824f6d043dda9417dad27257755')
,('ff808081675e72740167623c656e0fdf','ff808081675d182801675d820a8e01e8','唯一约束目录','source','database.UniqueConstraintDirectory','hierarchy','da89d782d0294137ab15b3f39ffaac1f')
,('ff808081675e72740167623cb6070fe9','ff808081675d182801675d820a8e01e8','外键目录','source','database.ForeignKeyDirectory','hierarchy','e7fa5d7ebb8c46c7b3c2101216bd20ba')
,('ff808081675e72740167623ce6b80ff2','ff808081675d182801675d820a8e01e8','主键目录','source','database.PrimaryKeyDirectory','hierarchy','7e0637352c314eecb41e76acb5854846')
,('ff808081675e72740167623d3f311004','ff808081675d182801675d820a8e01e8','检查约束目录','source','database.CheckConstraintDirectory','hierarchy','f29a3c7774d74338bb51fdf2b6fd1a7f')
,('ff808081675e72740167623d82a8100e','ff808081675d182801675d820a8e01e8','表分区目录','source','database.PartitionDirectory','hierarchy','31c2f753730842599f39021004544b65')
,('ff808081675e72740167623ddca4101b','ff808081675d182801675d820a8e01e8','表空间目录','source','database.TablespaceDirectory','hierarchy','c45c32f85d39417b85ed474ff138c074')
,('ff808081675e72740167623e29841022','ff808081675d182801675dd5a1210406','TransformationUse-Operation','source','cn.gov.pbc.mdmp.behavioral.Operation','aggregation','07fca025745a4a55a1db89b84fe7271f')
,('ff808081675e72740167623e29861024','ff808081675d182801675d3d351400db','TransformationUse-Operation','target','cn.gov.pbc.mdmp.transformation.TransformationUse','aggregation','07fca025745a4a55a1db89b84fe7271f')
,('ff808081675e72740167623f71de1030','ff808081675d182801675dec06e404c2','Nosql库','source','nosql.NosqlDatabase','hierarchy','93511be4e5b0498e881143c96f20c781')
,('ff808081675e72740167624035e3103b','ff808081675d182801675deddece04d4','数据集目录','source','nosql.DatasetDirectory','hierarchy','5bbec817a30b4aa290f598305eb547fb')
,('ff808081675e727401676240cc341047','ff808081675d182801675deddece04d4','集群','source','nosql.Cluster','hierarchy','51558d451f8a4a8a896114e7f15ace8b')
,('ff808081675e7274016762413c1a1051','ff808081675d182801675deddece04d4','主机静态目录','source','nosql.HostStaticDirectory','hierarchy','e8b0185e7ca5463f896fb3fee2dd8ce2')
,('ff808081675e727401676241dd96105a','ff808081675d182801675dee859a04d8','数据集','source','nosql.Dataset','hierarchy','6f865940f6234632b5e0f9e5dd3de238')
,('ff808081675e72740167624379eb1064','ff808081675d182801675def9db604e0','主机','source','system.Machin','hierarchy','fbbeff605c80458f8f5e990107c2eb14')
,('ff808081675e727401676246b787107b','ff808081675d182801675d820a8e01e8','字段','source','cn.gov.pbc.mdmp.resource.relational.Column','hierarchy','6a48574fa19840a3bafdedda827b20cc')
,('ff808081675e72740167624785fe1089','ff808081675e7274016762215c1e0d8f','唯一约束','source','cn.gov.pbc.mdmp.resource.relational.UniqueConstraint','hierarchy','5c98904067234a2cbed1ca62e0bd7f96')
,('ff808081675e7274016762484c7e109f','ff808081675e72740167621de8510d51','外键','source','cn.gov.pbc.mdmp.resource.relational.ForeignKey','hierarchy','57799b7dfb58476abc16fc934840ec5a')
,('ff808081675e727401676248a70610ad','ff808081675e72740167621e75780d5e','主键','source','cn.gov.pbc.mdmp.resource.relational.PrimaryKey','hierarchy','d4a7cb2aedbc4d10b78f0e9b1d70d9ae')
,('ff808081675e727401676248f41c10b6','ff808081675e727401676221ea390da2','检查约束','source','cn.gov.pbc.mdmp.resource.relational.CheckConstraint','hierarchy','8d93b65f08964fdd98a6dbf6e64bf16c')
,('ff808081675e727401676249910110c4','ff808081675e72740167621d41250d3f','表分区','source','cn.gov.pbc.mdmp.resource.relational.Partition','hierarchy','5bf5f99338f04a78ad61a45389f504ce')
,('ff808081675e72740167624bc4af10e0','ff808081675d182801675e3dfab705ec','主机目录','source','system.HostDirectory','hierarchy','d6184bcb7890448082b5099f3b4d15ee')
,('ff808081675e72740167624c0cf210ea','ff808081675d182801675e3dfab705ec','系统层次','source','system.SystemLevel','hierarchy','8d0de8bdb69a4a9c99f2694aef3858c1')
,('ff808081675e72740167624c687b10f8','ff808081675d182801675e454621064f','系统层次','source','system.SystemLevel','hierarchy','f075ecf6f7184c98bdbd2b816ec601cb')
,('ff80808167786f2901677d4365230417','ff808081675d182801675e331206057f','非持久化字段、属性','source','etl.NonPersisAttribute','hierarchy','11b09cdf00ed45318c9aa0795f9b23cc')
,('ff80808167786f2901677d43e0210420','ff808081675d182801675e2755400542','ETL脚本','source','etl.ETLScript','hierarchy','f1723545b5484d689e708f0697d78d81')
,('ff808081675e72740167624c9a6a1104','ff808081675d182801675e454621064f','系统','source','system.SoftwareSystem','hierarchy','9f21eb1ba7f54eb68fe2f3a7d171a698')
,('ff808081675e72740167624cf0fb110f','ff808081675d182801675e44ba5c0642','主机','source','system.Machin','hierarchy','572cf2389be04ae5b7a118761d140325')
,('ff808081675e72740167624e2ca0112b','ff808081675d182801675e3faae305fd','模块','source','system.Component','hierarchy','1645c4374150402c8e6d527d9eef1ed3')
,('ff808081675e72740167624ebda5113e','ff808081675d182801675e3faae305fd','数据提供者','source','system.DataProvider','hierarchy','d75133016c08408e8a49300acd7c27d7')
,('ff808081675e727401676254a0d7118c','ff808081675d182801675e45fb880662','Component-Machin','source','system.Machin','aggregation','27c80bde538c4541b94427b6d41e8244')
,('ff808081675e72740167625ac2d411d8','ff808081675d182801675e59783a0772','消息队列分类','source','mq.MqType','hierarchy','cf4f01d4ce424f82be3874e00542a775')
,('ff808081675e72740167625756ef11a8','ff808081675d182801675e4ed92f06db','Database','source','database.Database','dependence',NULL)
,('ff808081675e7274016762581f6511b9','ff808081675d182801675e46da71066f','Component-Machin','target','system.Component','aggregation','27c80bde538c4541b94427b6d41e8244')
,('ff808081675e72740167625b1eb011e2','ff808081675d182801675e5bb64607ad','消息队列分类','source','mq.MqType','hierarchy','fca65d85f1874ad4a2c60fbd3232256c')
,('ff808081675e72740167625b5c7411ec','ff808081675d182801675e5bb64607ad','消息队列服务器','source','mq.MqServer','hierarchy','0b3d497c0d3447d191e0867f22c47557')
,('ff808081675e72740167625ba08311f5','ff808081675d182801675e5bb64607ad','集群','source','mq.Cluster','hierarchy','7856e9fd3f304e5b8e3cb3c207277267')
,('ff808081675e72740167625c24b31203','ff808081675d182801675e5a7500078b','消息队列服务器','source','mq.MqServer','hierarchy','0bafc4e158fe4c90b9f732af58c2738a')
,('ff808081675e72740167625c784c120d','ff808081675d182801675e5a7500078b','消息主题','source','mq.Topic','hierarchy','3a2aba78a45f4fc1906bb53b2331bef8')
,('ff808081675e72740167625cbeeb1216','ff808081675d182801675e5a7500078b','消息队列通道','source','mq.MqChannel','hierarchy','dec55e383fa8428b922fcd4c156c35ec')
,('ff808081675e72740167625d25c31220','ff808081675d182801675e6ae0c408c2','消息队列通道','source','mq.MqChannel','hierarchy','ece855455aa4444a99c6fa56b598cc4a')
,('ff808081675e72740167625d5eaf1229','ff808081675d182801675e6ae0c408c2','消息主题','source','mq.Topic','hierarchy','88db7d0508104377bcf04ab44d4c0be5')
,('ff808081675e72740167625dbc9d1233','ff808081675d182801675e5b3930079c','发送者','source','mq.Sender','hierarchy','825dedb92da34ce8b82be6230a2438f7')
,('ff808081675e72740167625dfe97123c','ff808081675d182801675e5b3930079c','接收者','source','mq.Receiver','hierarchy','99b59d43aa4e42748c44f46f6a669668')
,('ff808081675e72740167625e2fdd1245','ff808081675d182801675e5b3930079c','消息','source','mq.Message','hierarchy','03d3a9a9f6444ccaa01cf3b2440ec7e3')
,('ff808081675e72740167625ea760124f','ff808081675d182801675e5c284207be','消息','source','mq.Message','hierarchy','dd077171fc03491392d79dfe98174cfd')
,('ff808081675e72740167625ee1691258','ff808081675d182801675e5c284207be','发布者','source','mq.Publisher','hierarchy','3ad49b66965e4a4ab48b6315303c7981')
,('ff808081675e72740167625f11371261','ff808081675d182801675e5c284207be','订阅者','source','mq.Subscriber','hierarchy','11ed32585f84445c806cb9144f040d03')
,('ff808081675e727401676265068c1294','ff808081675d182801675e63ba1a0848','Sender-Machin','source','system.Machin','composition','2949441d03054f0bad9143358d0088cc')
,('ff8080816859c45201685ab5f41e013b','ff808081675d182801675dd2817503f1','ProcedureExpression','source','org.w3c.cwm.core.ProcedureExpression','composition','2eed5006e0a949409437b64d3cd1bb7a')
,('ff808081675e7274016762672c6e12c5','ff808081675e727401675ef38f440919','Column','source','cn.gov.pbc.mdmp.resource.relational.Column','dependence',NULL)
,('ff808081675e727401676267642312ce','ff808081675d182801675e64ab7f0864','Receiver-Machin','source','system.Machin','composition','7cae04ccc9384b73b43e03a1edf76239')
,('ff80808168549f1201685987f688047c','ff808081675d182801675e46da71066f','Sender-Machin','target','mq.Sender','composition','2949441d03054f0bad9143358d0088cc')
,('ff808081675e7274016762684af312f5','ff808081675e727401675ef906d409ab','Indicator','source','business.Indicator','dependence',NULL)
,('ff808081675e727401676268a9d712fe','ff808081675d182801675e6ae0c408c2','MqServer-Machin','source','system.Machin','composition','41f53580b3c342ed8e098e0a1459f98d')
,('ff808081675e727401676268a9d81300','ff808081675d182801675e46da71066f','MqServer-Machin','target','mq.MqServer','composition','41f53580b3c342ed8e098e0a1459f98d')
,('ff808081675e72740167626983c21316','ff808081675e72740167620a18a10c01','Dimension','source','business.Dimension','dependence',NULL)
,('ff808081675e72740167626ab3781346','ff808081675e727401675e7a89ff00cb','权限目录','source','authorize.AuthDirectory','hierarchy','85f5569f8f5d47e9971fd48fa6ccb713')
,('ff808081675e72740167626ae492134f','ff808081675e727401675e7a89ff00cb','角色目录','source','authorize.RoleDirectory','hierarchy','3b6f0766bdd743b3b416228b0dbca4d9')
,('ff808081675e72740167626b15ef1358','ff808081675e727401675e7a89ff00cb','组织机构目录','source','authorize.OrgDirectory','hierarchy','b75d1e49093f43908ca22d02e7a240b4')
,('ff808081675e72740167626b586e1361','ff808081675e727401675e78d8c0008d','权限','source','authorize.Auth','hierarchy','035983bab94147689d832efd1a890200')
,('ff808081675e72740167626bc270136c','ff808081675e727401675e798d6b009f','角色','source','authorize.Role','hierarchy','5f9b1f2ec7f64a99a548763a5bcbc652')
,('ff808081675e72740167626c73e61377','ff808081675e727401675e7a14ec00b1','机构','source','authorize.Organization','hierarchy','4b29a446c788474bb24d401d9f2d7593')
,('ff808081675e72740167626d29a4138b','ff808081675d182801675e700a540924','角色权限','source','authorize.RoleAuth','hierarchy','355fb0c0970b47c6b71698d89d5ddd25')
,('ff808081675e72740167626d95da13a1','ff808081675d182801675e6e64260904','角色权限','source','authorize.RoleAuth','hierarchy','60c690cfac284b31815494a9fb8aaa6c')
,('ff808081675e72740167626dc7d513a7','ff808081675e727401675ee5141207b5','报表目录','source','report.ReportDirectory','hierarchy','74536be11692425a95966492ddee2fe6')
,('ff808081675e72740167626df2de13b1','ff808081675e727401675e7b040300dc','用户','source','authorize.User','hierarchy','b8cbd6f0fb98440d9e2b7fad152cfb34')
,('ff808081675e72740167626e246913bc','ff808081675e727401675ef62673096e','报表','source','report.Report','hierarchy','b1f576326d4e4e4d8d9a542a9fbe2ac2')
,('ff808081675e72740167626e70f013cb','ff808081675e727401675ee5fde007c1','指标分类','source','report.IndicatorClassification','hierarchy','c19866bc11894297b8aa7c5efa54244a')
,('ff808081675e72740167626ed49813d9','ff808081675e727401675ee5fde007c1','维度','source','report.Dimension','hierarchy','5a3d5473776246faa4982246442676a9')
;
INSERT INTO MDMP_CLS_RELATION (CLS_RELATION_ID,CLASS_ID,NAME,KIND,META_CLASS,RELATION_TYPE,OPERATION_ID) VALUES 
('ff808081675e72740167626f2acb13e6','ff808081675e727401675ee5fde007c1','字段','source','report.SourceColumn','hierarchy','aba3c4d56eb747c99348a702352e7328')
,('ff808081675e72740167626f84d413f4','ff808081675e727401675ef7579b099a','关键指标','source','report.KeyIndicator','hierarchy','80ff8ee88fb646ff81cabc28ba25cbbc')
,('ff808081675e72740167627362fa1428','ff808081675e727401675ede56b60721','实体关联关系','source','datamodel.EntityRelation','composition','2e7c52fccb4d4afc968ac8809960077c')
,('ff808081675e72740167627362fb142a','ff808081675e727401675edf60fa0736','实体关联关系','target','datamodel.BusinessEntity','composition','2e7c52fccb4d4afc968ac8809960077c')
,('ff808081675e727401676275073b1450','ff808081675e727401675ede56b60721','业务主键','source','datamodel.BusinessPrimaryKey','composition','9a6fe1b0a4f1455aa1668d9542a02ed0')
,('ff808081675e7274016762aa825e1764','ff808081675d182801675e2a9181055a','PersisClass-PersisAttribute','source','etl.PersisAttribute','composition','5396a1be1ed940078a2053f02e73905b')
,('ff808081675e727401676277aa9d146d','ff808081675e727401675e7f46b20170','模型元素','source','cn.gov.pbc.mdmp.core.ModelElement','hierarchy','03193dd2e821421b84f5e31359167bf6')
,('ff808081675e7274016762788e971486','ff808081675e727401675e82558d0205','日志分类','source','log.LogType','hierarchy','367a79ef26a44b4d8d8227646a8e5603')
,('ff808081675e727401676279d8ab1492','ff808081675e727401675e82c7d3021a','日志分类','source','log.LogType','hierarchy','4ae79d21f2aa496ab7f63bd236e523e4')
,('ff808081675e72740167627a139914a1','ff808081675e727401675e82c7d3021a','日志信息','source','log.LogInfo','hierarchy','1e51747468944f12a76a8943c8fb62b3')
,('ff808081675e72740167627a870014aa','ff808081675e727401675ede56b60721','业务属性','source','datamodel.BusinessAttribute','composition','bf54466972e742d3a48cad092c5a2186')
,('ff808081675e72740167627a870114ac','ff808081675e727401675ee241f3075e','业务属性','target','datamodel.BusinessEntity','composition','bf54466972e742d3a48cad092c5a2186')
,('ff808081675e72740167627cc4d114ca','ff808081675e727401675e8332220234','HBaseTable','source','bigdata.hbase.HBaseTable','dependence',NULL)
,('ff808081675e72740167627f041814f0','ff808081675d182801675e6f4aa40916','Business-CommonCodeClassfication','source','business.CommonCodeClassfication','aggregation','03217ac1089346b3867800d61ae2580a')
,('ff808081675e72740167627f041a14f2','ff808081675e727401675e75fca60056','Business-CommonCodeClassfication','target','business.Business','aggregation','03217ac1089346b3867800d61ae2580a')
,('ff808081675e72740167628011af14fd','ff808081675e727401675e8332220234','LogInfo-HdfsFile','source','bigdata.hdfs.HdfsFile','association','b92175eaac1941598d5d5f51928ff44d')
,('ff808081675e7274016762823a851540','ff808081675e727401675ed57a0406ad','数据模型','source','datamodel.DataModel','hierarchy','803e2a3ab5344684bce7941970808815')
,('ff808081675e727401676282812d1550','ff808081675e727401675ed6466d06b6','主题','source','datamodel.Subject','hierarchy','e87f6eeb16cc4df5a05adf20e4571b1a')
,('ff808081675e727401676282e291155e','ff808081675e727401675e75fca60056','CommonCodeClassfication-CommonCo','source','business.CommonCode','aggregation','e4d80034bf4d463aa02762fcfe6425b0')
,('ff808081675e72740167628385fd157b','ff808081675e727401675ede56b60721','BusinessPrimaryKey','source','datamodel.BusinessPrimaryKey','hierarchy','a49a55f8377a457ca4211b12b6ae2730')
,('ff808081675e727401676282fbf11565','ff808081675e727401675edabf0206f3','业务实体','source','datamodel.BusinessEntity','hierarchy','5453135a31b74e8a974f115967de6343')
,('ff808081675e7274016762833767156f','ff808081675e727401675e77c168006e','CommonCodeClassfication-CommonCo','target','business.CommonCodeClassfication','aggregation','e4d80034bf4d463aa02762fcfe6425b0')
,('ff808081675e727401676283eae31584','ff808081675e727401675ede56b60721','BusinessAttribute','source','datamodel.BusinessAttribute','hierarchy','c24f0524d44148689a1928de16007677')
,('ff808081675e72740167628440e1158e','ff808081675e727401675ede56b60721','EntityRelation','source','datamodel.EntityRelation','hierarchy','e8a462b430234c50ac2ea696ff04b149')
,('ff8080816999199b01699a9e25370fbc','ff808081675d182801675e6ee0850912','维度','source','business.Dimension','aggregation','7f7916e394fe4cb6bed01c3e16853a48')
,('ff808081675e727401676289506815da','ff808081675e727401675e96017d0373','规则分类','source','quality.RuleClassification','aggregation','714668526ccf4a5982e337063582f816')
,('ff808081675e727401676289506a15dc','ff808081675e727401675e97c515037c','规则分类','target','quality.DataQualityRoot','aggregation','714668526ccf4a5982e337063582f816')
,('ff808081675e72740167628a00d515ed','ff808081675e727401675e9c5c6f03f0','数据标准','source','business.DataStandard','dependence',NULL)
,('ff808081675e72740167628aff481613','ff808081675e727401675e97c515037c','RuleClassification-QualityRule','source','quality.QualityRule','aggregation','3fc1e19a53d04b959a6f4d7981c87451')
,('ff8080816763dc78016772049fad01bc','ff808081675d182801675d800a0201d6','columnSet-column','source','cn.gov.pbc.mdmp.resource.relational.Column','composition','7d928728da7c46abb060e692fb921eff')
,('ff8080816999199b01699a9f7fa30fc4','ff808081675d182801675e6ee0850912','公共统计规则','source','business.CommonStatisticsRule','aggregation','17ecd2c5d891464e96aa8897713bd480')
,('ff808081675e72740167628c57f91646','ff808081675e727401675e97c515037c','RuleClassification','source','quality.RuleClassification','aggregation','192eee78046f45329288d1896fc17c94')
,('ff808081675e72740167628c57fa1648','ff808081675e727401675e97c515037c','RuleClassification','target','quality.RuleClassification','aggregation','192eee78046f45329288d1896fc17c94')
,('ff808081675e72740167628d4aa5166e','ff808081675e727401675e96017d0373','RuleClassification','source','quality.RuleClassification','hierarchy','55cc75afb812417d9504e0d9ed6bdfaf')
,('ff808081675e72740167628dbba51682','ff808081675e727401675e97c515037c','RuleClassification2','source','quality.RuleClassification','hierarchy','6cef55d5357d4b3395be351e6dcf3915')
,('ff808081675e72740167628e18341695','ff808081675e727401675e97c515037c','QualityRule','source','quality.QualityRule','hierarchy','eadc43cfd94c4ea0a8ad05b701f8c395')
,('ff8080816999199b01699aa11dd40fda','ff808081675d182801675e6d7b0a08fb','公共代码类型','source','business.CommonCodeClassfication','aggregation','5acd96258c2e4031ad1c4f5d41ee6855')
,('ff8080816a58d6f9016a68615ca00225','ff808081675e727401675ef62673096e','报表目录-月报','source','report.Monthreport','hierarchy','1e7f07ac3c46425a871a2349a1d56fa9')
,('ff808081675e72740167629919ac16d9','ff808081675d182801675e43f5850633','表、文件级映射','source','cn.gov.pbc.mdmp.transformation.ClassifierMap','hierarchy','e19b4d410b86482abeb41404d5f98666')
,('ff808081675e72740167629a116a16e2','ff808081675d182801675dd1226b03e8','字段、属性级映射','source','cn.gov.pbc.mdmp.transformation.FeatureMap','hierarchy','665112f54577437bb7e7c4b637c0ea7f')
,('ff808081675e7274016762a25ae016fa','ff808081675d182801675e448223063f','ETLTask','source','etl.ETLTask','aggregation','a2a5ebce0c334719a1628d619d6f54f8')
,('ff808081675e7274016762a25ae216fc','ff808081675d182801675e448223063f','ETLTask','target','etl.ETLTask','aggregation','a2a5ebce0c334719a1628d619d6f54f8')
,('ff808081675e7274016762aa82601766','ff808081675d182801675e428b3b061e','PersisClass-PersisAttribute','target','etl.PersisClass','composition','5396a1be1ed940078a2053f02e73905b')
,('ff808081675e7274016762ad95cc17a0','ff808081675d182801675e331206057f','NonPersisClass-NonPersisAttribut','source','etl.NonPersisAttribute','composition','68211a20e07e41ee99f0b944c62db999')
,('ff808081675e7274016762ad95cd17a2','ff808081675d182801675e4352650626','NonPersisClass-NonPersisAttribut','target','etl.NonPersisClass','composition','68211a20e07e41ee99f0b944c62db999')
,('ff808081675e727401676351a133189e','ff808081675d182801675d3d351400db','Operation-Parameter','source','cn.gov.pbc.mdmp.behavioral.Parameter','aggregation','99ede052b7024a5d93e0c0b325b8105d')
,('ff808081675e727401676351a13518a0','ff808081675d182801675d3c9bc700d2','Operation-Parameter','target','cn.gov.pbc.mdmp.behavioral.Operation','aggregation','99ede052b7024a5d93e0c0b325b8105d')
,('ff8080816763dc78016763ef0df500e3','ff808081675e727401675e9c5c6f03f0','RuleClassification-QualityRule','target','quality.RuleClassification','aggregation','3fc1e19a53d04b959a6f4d7981c87451')
,('ff8080816763dc78016772049faf01be','ff808081675d182801675d7d533d01cd','columnSet-column','target','cn.gov.pbc.mdmp.resource.relational.CloumnSet','composition','7d928728da7c46abb060e692fb921eff')
,('ff8080816763dc780167721085cd01dc','ff808081675d182801675d820a8e01e8','Table-ForeignKey','source','cn.gov.pbc.mdmp.resource.relational.ForeignKey','composition','030e24a35b7445dab91bbb7d8001a410')
,('ff8080816763dc780167721085ce01de','ff808081675d182801675d84485801f1','Table-ForeignKey','target','cn.gov.pbc.mdmp.resource.relational.Table','composition','030e24a35b7445dab91bbb7d8001a410')
,('ff8080816763dc7801677213b06301f0','ff808081675d182801675d8797a50205','Schema-Table','source','cn.gov.pbc.mdmp.resource.relational.Table','aggregation','cec6e1cfe4ec492e983b44a874b64163')
,('ff8080816763dc7801677213b06401f2','ff808081675d182801675d820a8e01e8','Schema-Table','target','cn.gov.pbc.mdmp.resource.relational.Schema','aggregation','cec6e1cfe4ec492e983b44a874b64163')
,('ff8080816763dc7801677217f222021a','ff808081675d182801675d820a8e01e8','Table-Tigger','source','cn.gov.pbc.mdmp.resource.relational.Tigger','association','0dc7c596236942b29fce4098952d610c')
,('ff8080816763dc7801677220760b0225','ff808081675d182801675d8797a50205','Schema-Procedure','source','cn.gov.pbc.mdmp.resource.relational.Procedure','composition','08961228fd6440319de397d8054f8bf6')
,('ff8080816763dc7801677220760d0227','ff808081675d182801675d8b035d021d','Schema-Procedure','target','cn.gov.pbc.mdmp.resource.relational.Schema','composition','08961228fd6440319de397d8054f8bf6')
,('ff8080816763dc7801677221adae0232','ff808081675d182801675d8797a50205','Schema-Synonyms','source','cn.gov.pbc.mdmp.resource.relational.Synonyms','composition','e0a7d36d48d84e83b9606a73a2b3952e')
,('ff8080816763dc7801677221adb00234','ff808081675d182801675d83203e01ed','Schema-Synonyms','target','cn.gov.pbc.mdmp.resource.relational.Schema','composition','e0a7d36d48d84e83b9606a73a2b3952e')
,('ff8080816763dc78016772ca72b2026f','ff808081675d182801675dd2817503f1','Transformation-DataObjectSet','source','cn.gov.pbc.mdmp.transformation.DataObjectSet','dependence',NULL)
,('ff8080816763dc78016772cf049d028b','ff808081675d182801675dd1ee4d03ed','TransformatioTask-Step','source','cn.gov.pbc.mdmp.transformation.TransformationStep','aggregation','c5cc32f3316f4381bbaa8f0cb5e02089')
,('ff8080816763dc78016772cf049e028d','ff808081675d182801675dd4614303fe','TransformatioTask-Step','target','cn.gov.pbc.mdmp.transformation.TransformationTask','aggregation','c5cc32f3316f4381bbaa8f0cb5e02089')
,('ff8080816763dc78016772cfb93c0293','ff808081675d182801675dd1ee4d03ed','转化任务-转换','source','cn.gov.pbc.mdmp.transformation.Transformation','aggregation','e1edb433084c460c951f3d8c084392f2')
,('ff8080816763dc78016772cfb93d0295','ff808081675d182801675dd2817503f1','转化任务-转换','target','cn.gov.pbc.mdmp.transformation.TransformationTask','aggregation','e1edb433084c460c951f3d8c084392f2')
,('ff8080816763dc78016772f1141a02d3','ff808081675d182801675dd4614303fe','TransformationStep-PercedenceCon','source','cn.gov.pbc.mdmp.transformation.PrecedenceConstraint','aggregation','8db1583e56ac45a296c19b4d4c1ba058')
,('ff8080816763dc78016772f1141c02d5','ff808081675d182801675dccab3303d6','TransformationStep-PercedenceCon','target','cn.gov.pbc.mdmp.transformation.TransformationStep','aggregation','8db1583e56ac45a296c19b4d4c1ba058')
,('ff8080816763dc780167732b06b7034f','ff808081675d182801675dd2817503f1','转换-转换用法','source','cn.gov.pbc.mdmp.transformation.TransformationUse','aggregation','56662b6464594861aac7001aee4a9eed')
,('ff80808167786f2901677d44cff9042a','ff808081675d182801675e33cb430586','ETL转换','source','etl.ETLTransformer','hierarchy','807b75f6b7094e35afdf5f4cb4556977')
,('ff80808167786f2901677d45bfae0436','ff808081675d182801675e2755400542','ETL文件','source','etl.ETLFile','hierarchy','797e055ac56a48b78748a979cc2453b2')
,('ff80808167786f2901677d461fdf0440','ff808081675d182801675e2973de0552','ETL脚本','source','etl.ETLScript','hierarchy','86b0362d66bc4f5ea84cd4e185ac4c28')
,('ff80808168370628016849fe051900ea','ff808081675e727401675e77c168006e','commonCode','source','business.CommonCode','hierarchy','9054ae3ecb754ecab8a6f380882edb5b')
,('ff80808168549f12016854bb03c400d1','ff808081675e727401675ef906d409ab','关键指标','source','report.KeyIndicator','hierarchy','52bd9cb6961d416bb2759948a9a702e2')
,('ff80808168549f12016855c180e502eb','ff808081675d182801675deed9b404dc','数据集目录','source','nosql.DatasetDirectory','hierarchy','8950ae3d3f2849faa22f8494e499caf9')
,('ff80808168549f12016855c1bd7d02f4','ff808081675d182801675deed9b404dc','主机静态目录','source','nosql.HostStaticDirectory','hierarchy','c1a05b90d7634d1e8b809fa3c15525fa')
,('ff808081693865c001693db3f2c75c14','ff808081675e727401675ef62673096e','报表目录包含金融统计制度表单','source','report.FinancialStatisticsSystemReport','hierarchy','915c89333f1d4459adda02fc7b939486')
,('ff80808168549f1201685987c7c10477','ff808081675d182801675e46da71066f','Receiver-Machin','target','mq.Receiver','composition','7cae04ccc9384b73b43e03a1edf76239')
,('ff8080816859c45201685af615e70265','ff808081675d182801675d85eb4b01f9','Column','source','cn.gov.pbc.mdmp.resource.relational.Column','association','7cf1c5bb3cea4acbb832747f94820007')
;


--元模型属性
INSERT INTO MDMP_CLS_ATTRIBUTE (CLS_ATTRIBUTE_ID,CLASS_ID,ORD,NAME,"ALIAS",VISIBILITY,CHANGEABILITY,DEPRECATED,MANDATORY,ATTR_CLASS,VALUE_TYPE,INIT_VALUE,EDITOR,"ORDERING",FORMAT,EQU_WEIGHT,UNEQU_WEIGHT) VALUES 
('ff808081675d182801675d33fa7600ae','ff808081675d182801675d20897d0032',NULL,'memo','备注','private',1,0,0,NULL,'string','','text','asc',NULL,NULL,NULL)
,('ff808081675d182801675d379e6700be','ff808081675d182801675d2aa8dc006c',NULL,'dataModelVersion','数据模型版本','private',1,0,0,NULL,'string','','text','asc',NULL,NULL,NULL)
,('ff808081675d182801675d38da9800c3','ff808081675d182801675d25ef9d0061',NULL,'dataStandardVersion','数据标准版本','private',1,0,0,NULL,'string','','text','asc',NULL,NULL,NULL)
,('ff808081675d182801675d3a218500c8','ff808081675d182801675d3059a70099',NULL,'responsibilityDepartment','责任部门','protected',1,0,0,NULL,'string','','text','asc',NULL,NULL,NULL)
,('ff808081675d182801675d41105900e2','ff808081675d182801675d3c9bc700d2',NULL,'defaultValue1','缺省值','public',1,0,0,NULL,'string','','text','asc',NULL,NULL,NULL)
,('ff808081675d182801675d41784900e6','ff808081675d182801675d3c9bc700d2',NULL,'kind','参数类型','public',1,0,0,NULL,'string','','text','asc',NULL,NULL,NULL)
,('ff808081675d182801675d4b15fd00ec','ff808081675d182801675d3d351400db',NULL,'body','主体代码','public',1,0,0,NULL,'string','','text','asc',NULL,NULL,NULL)
,('ff808081675d182801675d5920e9012b','ff808081675d182801675d54be720112',NULL,'isPartitioning','是否分区','private',1,0,0,NULL,'boolean','','text','asc',NULL,NULL,NULL)
,('ff808081675d182801675d599f1c012f','ff808081675d182801675d54be720112',NULL,'isSorted','是否存储','private',1,0,0,NULL,'boolean','','text','asc',NULL,NULL,NULL)
,('ff808081675d182801675d5a13fb0133','ff808081675d182801675d54be720112',NULL,'isUnique','是否唯一','private',1,0,0,NULL,'boolean','','text','asc',NULL,NULL,NULL)
,('ff808081675d182801675d6e2b640174','ff808081675d182801675d6657520152',NULL,'isSelfDescribing','是否自我描述','public',1,0,0,NULL,'boolean','','text','asc',NULL,NULL,NULL)
,('ff808081675d182801675d6ee9880178','ff808081675d182801675d6657520152',NULL,'recordDelimiter','记录分隔符','public',1,0,0,NULL,'string','','text','asc',NULL,NULL,NULL)
,('ff808081675d182801675d6fb274017c','ff808081675d182801675d6657520152',NULL,'skipRecords','忽略记录数','public',1,0,0,NULL,'int','','text','asc',NULL,NULL,NULL)
,('ff808081675d182801675d709f2d0181','ff808081675d182801675d672e9c015b',NULL,'fieldDelimiter','字段分隔符','public',1,0,0,NULL,'string','','text','asc',NULL,NULL,NULL)
,('ff808081675d182801675d7158500185','ff808081675d182801675d672e9c015b',NULL,'isFixedWidth','是否固定宽度','public',1,0,0,NULL,'boolean','','text','asc',NULL,NULL,NULL)
,('ff808081675d182801675d71d5b20189','ff808081675d182801675d672e9c015b',NULL,'textDelimiter','文本分隔符','public',1,0,0,NULL,'string','','text','asc',NULL,NULL,NULL)
,('ff808081675d182801675d743d57018e','ff808081675d182801675d68a15c0164',NULL,'length','长度','public',1,0,0,NULL,'int','','text','asc',NULL,NULL,NULL)
,('ff808081675d182801675d749ded0192','ff808081675d182801675d68a15c0164',NULL,'precision','精度','public',1,0,0,NULL,'int','','text','asc',NULL,NULL,NULL)
,('ff808081675d182801675d74e4af0196','ff808081675d182801675d68a15c0164',NULL,'scale','范围','public',1,0,0,NULL,'int','','text','asc',NULL,NULL,NULL)
,('ff808081675d182801675d766feb01a5','ff808081675d182801675d6acac6016d',NULL,'offset','偏移量','public',1,0,0,NULL,'int','','text','asc',NULL,NULL,NULL)
,('ff808081675d182801675d770e3a01a9','ff808081675d182801675d6acac6016d',NULL,'offsetUnitBits','偏移字节数','public',1,0,0,NULL,'int','','text','asc',NULL,NULL,NULL)
,('ff808081675d182801675d954e00025b','ff808081675d182801675d8745b40201',NULL,'defaultCollationName','默认校验名称','private',1,0,0,NULL,'string','','text','asc',NULL,NULL,NULL)
,('ff808081675d182801675d96682c025f','ff808081675d182801675d8745b40201',NULL,'defaultCharacterSetName','默认字符集合','private',1,0,0,NULL,'string','','text','asc',NULL,NULL,NULL)
,('ff808081675d182801675d96b7020263','ff808081675d182801675d8745b40201',NULL,'IP','IP地址','private',1,0,0,NULL,'string','','text','asc',NULL,NULL,NULL)
,('ff808081675d182801675d9c149c026b','ff808081675d182801675d7d533d01cd',NULL,'ord','顺序(保留)','private',1,0,0,NULL,'int','','text','asc',NULL,NULL,NULL)
,('ff808081675d182801675d9c60b0026f','ff808081675d182801675d7d533d01cd',NULL,'length','长度','private',1,0,0,NULL,'int','','text','asc',NULL,NULL,NULL)
,('ff808081675d182801675d9cc7af0273','ff808081675d182801675d7d533d01cd',NULL,'comment','注释','private',1,0,0,NULL,'string','','text','asc',NULL,NULL,NULL)
,('ff808081675d182801675d9e437f0277','ff808081675d182801675d7d533d01cd',NULL,'isForeignKey','是否外键','private',1,0,0,NULL,'boolean','','text','asc',NULL,NULL,NULL)
,('ff808081675d182801675d9ecd0f027b','ff808081675d182801675d7d533d01cd',NULL,'precision','精度','private',1,0,0,NULL,'int','','text','asc',NULL,NULL,NULL)
,('ff808081675d182801675d9f82e7027f','ff808081675d182801675d7d533d01cd',NULL,'isUnique','是否业务唯一键','private',1,0,0,NULL,'boolean','','text','asc',NULL,NULL,NULL)
,('ff808081675d182801675d9ff40a0283','ff808081675d182801675d7d533d01cd',NULL,'scale','小数位','private',1,0,0,NULL,'int','','text','asc',NULL,NULL,NULL)
,('ff808081675d182801675da0a4a70287','ff808081675d182801675d7d533d01cd',NULL,'isPrimaryKey','是否主键','private',1,0,0,NULL,'boolean','','text','asc',NULL,NULL,NULL)
,('ff808081675d182801675da15857028b','ff808081675d182801675d7d533d01cd',NULL,'defaultValue','缺省值','private',1,0,0,NULL,'string','','text','asc',NULL,NULL,NULL)
,('ff808081675d182801675da20284028f','ff808081675d182801675d7d533d01cd',NULL,'isNullable','是否可空','private',1,0,0,NULL,'boolean','','text','asc',NULL,NULL,NULL)
,('ff808081675d182801675da263930293','ff808081675d182801675d7d533d01cd',NULL,'dataType','数据类型','private',1,0,0,NULL,'string','','text','asc',NULL,NULL,NULL)
,('ff808081675d182801675da326960297','ff808081675d182801675d7d533d01cd',NULL,'attributeDomain','属性域','private',1,0,0,NULL,'string','','text','asc',NULL,NULL,NULL)
,('ff808081675d182801675da4dffa029f','ff808081675d182801675d8a746c0219',NULL,'ddl','代码','private',1,0,0,NULL,'string','','text','asc',NULL,NULL,NULL)
,('ff808081675d182801675da53bf302a3','ff808081675d182801675d8a746c0219',NULL,'comment','说明','private',1,0,0,NULL,'string','','text','asc',NULL,NULL,NULL)
,('ff808081675d182801675da6132c02a8','ff808081675d182801675d8a149c0215',NULL,'parameterType','参数类型','private',1,0,0,NULL,'string','','text','asc',NULL,NULL,NULL)
,('ff808081675d182801675da685e202ac','ff808081675d182801675d8a149c0215',NULL,'precision','精度','private',1,0,0,NULL,'int','','text','asc',NULL,NULL,NULL)
,('ff808081675d182801675da7731b02b0','ff808081675d182801675d8a149c0215',NULL,'scale','数值范围','private',1,0,0,NULL,'int','','text','asc',NULL,NULL,NULL)
,('ff808081675d182801675da7ca6c02b4','ff808081675d182801675d8a149c0215',NULL,'length','长度','private',1,0,0,NULL,'int','','text','asc',NULL,NULL,NULL)
,('ff808081675d182801675da8592d02b8','ff808081675d182801675d8a149c0215',NULL,'dataType','数据类型','private',1,0,0,NULL,'int','','text','asc',NULL,NULL,NULL)
,('ff808081675d182801675da8e02102bc','ff808081675d182801675d8a149c0215',NULL,'sequence','顺序','private',1,0,0,NULL,'int','','text','asc',NULL,NULL,NULL)
,('ff808081675d182801675da967e602c0','ff808081675d182801675d8a149c0215',NULL,'defaultValue','默认值','private',1,0,0,NULL,'string','','text','asc',NULL,NULL,NULL)
,('ff808081675d182801675da9dc5302c4','ff808081675d182801675d8a149c0215',NULL,'overload','是否覆盖','private',1,0,0,NULL,'boolean','','text','asc',NULL,NULL,NULL)
,('ff808081675d182801675daa6f2602c8','ff808081675d182801675d8a149c0215',NULL,'nullable','可为空','private',1,0,0,NULL,'boolean','','text','asc',NULL,NULL,NULL)
,('ff808081675d182801675daadc1e02cc','ff808081675d182801675d8a149c0215',NULL,'radix','进制','private',1,0,0,NULL,'string','','text','asc',NULL,NULL,NULL)
,('ff808081675d182801675dab49d302d0','ff808081675d182801675d8a149c0215',NULL,'typeName','参数类型名','private',1,0,0,NULL,'string','','text','asc',NULL,NULL,NULL)
,('ff8080816885213c0168852c5af30061','ff808081675d182801675e6ee0850912',NULL,'businessResponsibilityDepartment','业务责任部门','private',1,0,0,NULL,'string','','text','asc',NULL,NULL,NULL)
,('ff808081675d182801675db020cb02f2','ff808081675d182801675d86814c01fd',NULL,'filterCondition','分区条件','private',1,0,0,NULL,'string','','text','asc',NULL,NULL,NULL)
,('ff808081675d182801675db13bf802fc','ff808081675d182801675d8b035d021d',NULL,'ddl','代码','private',1,0,0,NULL,'string','','text','asc',NULL,NULL,NULL)
,('ff808081675d182801675db1873e0300','ff808081675d182801675d8b035d021d',NULL,'comment','说明','private',1,0,0,NULL,'string','','text','asc',NULL,NULL,NULL)
,('ff808081675d182801675db1c9c80304','ff808081675d182801675d8b035d021d',NULL,'type','类型','private',1,0,0,NULL,'string','','text','asc',NULL,NULL,NULL)
,('ff808081675d182801675db2cd760309','ff808081675d182801675d8bd0e40221',NULL,'parameterType','参数类型','private',1,0,0,NULL,'string','','text','asc',NULL,NULL,NULL)
,('ff808081675d182801675db34f57030d','ff808081675d182801675d8bd0e40221',NULL,'precision','精度','private',1,0,0,NULL,'int','','text','asc',NULL,NULL,NULL)
,('ff808081675d182801675db3a96b0311','ff808081675d182801675d8bd0e40221',NULL,'scale','数值范围','private',1,0,0,NULL,'int','','text','asc',NULL,NULL,NULL)
,('ff808081675d182801675db3f8860315','ff808081675d182801675d8bd0e40221',NULL,'length','长度','private',1,0,0,NULL,'int','','text','asc',NULL,NULL,NULL)
,('ff808081675d182801675db467f80319','ff808081675d182801675d8bd0e40221',NULL,'dataType','数据类型','private',1,0,0,NULL,'int','','text','asc',NULL,NULL,NULL)
,('ff808081675d182801675db4eb6d031d','ff808081675d182801675d8bd0e40221',NULL,'sequence','顺序','private',1,0,0,NULL,'int','','text','asc',NULL,NULL,NULL)
,('ff808081675d182801675db579980321','ff808081675d182801675d8bd0e40221',NULL,'defaultValue','默认值','private',1,0,0,NULL,'string','','text','asc',NULL,NULL,NULL)
,('ff808081675d182801675db5da030325','ff808081675d182801675d8bd0e40221',NULL,'overload','是否覆盖','private',1,0,0,NULL,'boolean','','text','asc',NULL,NULL,NULL)
,('ff808081675d182801675db64a840329','ff808081675d182801675d8bd0e40221',NULL,'nullable','可为空','private',1,0,0,NULL,'boolean','','text','asc',NULL,NULL,NULL)
,('ff808081675d182801675db68e78032d','ff808081675d182801675d8bd0e40221',NULL,'radix','进制','private',1,0,0,NULL,'string','','text','asc',NULL,NULL,NULL)
,('ff808081675d182801675db7133e0331','ff808081675d182801675d8bd0e40221',NULL,'typeName','参数类型名','private',1,0,0,NULL,'string','','text','asc',NULL,NULL,NULL)
,('ff808081675d182801675db838d70337','ff808081675d182801675d8db0d60232',NULL,'initValue','初始值','private',1,0,0,NULL,'int','','text','asc',NULL,NULL,NULL)
,('ff808081675d182801675db89083033b','ff808081675d182801675d8db0d60232',NULL,'step','步长','private',1,0,0,NULL,'int','','text','asc',NULL,NULL,NULL)
,('ff808081675d182801675db8dfa4033f','ff808081675d182801675d8db0d60232',NULL,'maxValue','最大值','private',1,0,0,NULL,'int','','text','asc',NULL,NULL,NULL)
,('ff808081675d182801675db946100343','ff808081675d182801675d8db0d60232',NULL,'currentValue','当前值','private',1,0,0,NULL,'int','','text','asc',NULL,NULL,NULL)
,('ff808081675d182801675db9be150347','ff808081675d182801675d8db0d60232',NULL,'isCycle','是否循环','private',1,0,0,NULL,'boolean','','text','asc',NULL,NULL,NULL)
,('ff808081675d182801675dba0f97034b','ff808081675d182801675d8db0d60232',NULL,'comment','备注说明','private',1,0,0,NULL,'string','','text','asc',NULL,NULL,NULL)
,('ff808081675d182801675dba8dd70350','ff808081675d182801675d79ddfc01b2',NULL,'tag','标记','private',1,0,0,NULL,'string','','text','asc',NULL,NULL,NULL)
,('ff808081675d182801675dbb58bd0354','ff808081675d182801675d79ddfc01b2',NULL,'isPartitioning','是否分区','private',1,0,0,NULL,'boolean','','text','asc',NULL,NULL,NULL)
,('ff808081675d182801675dbbe1910358','ff808081675d182801675d79ddfc01b2',NULL,'isUnique','是否唯一','private',1,0,0,NULL,'boolean','','text','asc',NULL,NULL,NULL)
,('ff808081675d182801675dbc908e035c','ff808081675d182801675d79ddfc01b2',NULL,'ordinalPosition','初始位置','private',1,0,0,NULL,'string','','text','asc',NULL,NULL,NULL)
,('ff808081675d182801675dbd1d880360','ff808081675d182801675d79ddfc01b2',NULL,'indexType','索引类型','private',1,0,0,NULL,'string','','text','asc',NULL,NULL,NULL)
,('ff808081675d182801675dbd62f90364','ff808081675d182801675d79ddfc01b2',NULL,'pages','页数','private',1,0,0,NULL,'int','','text','asc',NULL,NULL,NULL)
,('ff808081675d182801675dbe4ed50368','ff808081675d182801675d79ddfc01b2',NULL,'filterCondition','过滤条件','private',1,0,0,NULL,'string','','text','asc',NULL,NULL,NULL)
,('ff808081675d182801675dbed083036c','ff808081675d182801675d79ddfc01b2',NULL,'isNullable','是否允许为空','private',1,0,0,NULL,'boolean','','text','asc',NULL,NULL,NULL)
,('ff808081675d182801675dbf49040370','ff808081675d182801675d79ddfc01b2',NULL,'autoUpdate','自动更新','private',1,0,0,NULL,'int','','text','asc',NULL,NULL,NULL)
,('ff808081675d182801675dc041ff0377','ff808081675d182801675d820a8e01e8',NULL,'isTemporary','是否临时表','private',1,0,0,NULL,'boolean','','text','asc',NULL,NULL,NULL)
,('ff808081675d182801675dc0efae037b','ff808081675d182801675d820a8e01e8',NULL,'temporaryScope','临时表范围域','private',1,0,0,NULL,'string','','text','asc',NULL,NULL,NULL)
,('ff808081675d182801675dc1582c037f','ff808081675d182801675d820a8e01e8',NULL,'owner','所有者','private',1,0,0,NULL,'string','','text','asc',NULL,NULL,NULL)
,('ff808081675d182801675dc1cc5e0383','ff808081675d182801675d820a8e01e8',NULL,'isSystem','是否系统表','private',1,0,0,NULL,'boolean','','text','asc',NULL,NULL,NULL)
,('ff808081675d182801675dc25f5c0387','ff808081675d182801675d820a8e01e8',NULL,'tablespace','表空间','private',1,0,0,NULL,'string','','text','asc',NULL,NULL,NULL)
,('ff808081675d182801675dc2be23038b','ff808081675d182801675d820a8e01e8',NULL,'comment','说明','private',1,0,0,NULL,'string','','text','asc',NULL,NULL,NULL)
,('ff808081675d182801675dc3946d0390','ff808081675d182801675d8d30100229',NULL,'maximumSize','最大大小','private',1,0,0,NULL,'int','','text','asc',NULL,NULL,NULL)
,('ff808081675d182801675dc3d1170394','ff808081675d182801675d8d30100229',NULL,'comment','说明','private',1,0,0,NULL,'string','','text','asc',NULL,NULL,NULL)
,('ff808081675d182801675dc4376a0398','ff808081675d182801675d8d30100229',NULL,'blockSize','块大小','private',1,0,0,NULL,'int','','text','asc',NULL,NULL,NULL)
,('ff808081675d182801675dc4a4bd039c','ff808081675d182801675d8d30100229',NULL,'definition','定义','private',1,0,0,NULL,'int','','text','asc',NULL,NULL,NULL)
,('ff808081675d182801675dc527eb03a0','ff808081675d182801675d8d30100229',NULL,'bufferSize','缓冲区大小','private',1,0,0,NULL,'int','','text','asc',NULL,NULL,NULL)
,('ff808081675d182801675dc5b28603a4','ff808081675d182801675d8d30100229',NULL,'initialSize','初始化大小','private',1,0,0,NULL,'int','','text','asc',NULL,NULL,NULL)
,('ff808081675d182801675dc613b703a8','ff808081675d182801675d8d30100229',NULL,'dataFile','数据文件','private',1,0,0,NULL,'string','','text','asc',NULL,NULL,NULL)
,('ff808081675d182801675dc6680303ac','ff808081675d182801675d8d30100229',NULL,'type','类型','private',1,0,0,NULL,'string','','text','asc',NULL,NULL,NULL)
,('ff808081675d182801675dc6c4d903b0','ff808081675d182801675d8d30100229',NULL,'extentSize','扩展大小','private',1,0,0,NULL,'int','','text','asc',NULL,NULL,NULL)
,('ff808081675d182801675dc77a6803b5','ff808081675d182801675d8810080209',NULL,'time','触发时间','private',1,0,0,NULL,'string','','text','asc',NULL,NULL,NULL)
,('ff808081675d182801675dc8736203b9','ff808081675d182801675d8810080209',NULL,'event','事件','private',1,0,0,NULL,'string','','text','asc',NULL,NULL,NULL)
,('ff808081675d182801675dc89db003bd','ff808081675d182801675d8810080209',NULL,'ddl','代码','private',1,0,0,NULL,'string','','text','asc',NULL,NULL,NULL)
,('ff808081675d182801675dc8d50903c1','ff808081675d182801675d8810080209',NULL,'comment','说明','private',1,0,0,NULL,'string','','text','asc',NULL,NULL,NULL)
,('ff808081675d182801675dc9870b03c7','ff808081675d182801675d88814f020d',NULL,'comment','备注说明','private',1,0,0,NULL,'string','','text','asc',NULL,NULL,NULL)
;
INSERT INTO MDMP_CLS_ATTRIBUTE (CLS_ATTRIBUTE_ID,CLASS_ID,ORD,NAME,"ALIAS",VISIBILITY,CHANGEABILITY,DEPRECATED,MANDATORY,ATTR_CLASS,VALUE_TYPE,INIT_VALUE,EDITOR,"ORDERING",FORMAT,EQU_WEIGHT,UNEQU_WEIGHT) VALUES 
('ff808081675d182801675dc9cbae03cb','ff808081675d182801675d88814f020d',NULL,'ddl','视图定义','private',1,0,0,NULL,'string','','text','asc',NULL,NULL,NULL)
,('ff808081675d182801675dca25f103cf','ff808081675d182801675d88814f020d',NULL,'viewType','视图类型','private',1,0,0,NULL,'string','','text','asc',NULL,NULL,NULL)
,('ff808081675d182801675ddd8f270478','ff808081675d182801675dcd956b03db',NULL,'transformExpression','字段转换表达式','private',1,0,0,NULL,'string','','text','asc',NULL,NULL,NULL)
,('ff808081675d182801675de049180482','ff808081675d182801675dcfae1403e4',NULL,'succeedingStep','后续步骤','private',1,0,0,'cn.gov.pbc.mdmp.transformation.TransformationStep','metamodel','','SingleMDSelector','asc',NULL,NULL,NULL)
,('ff808081675d182801675de30c3e0490','ff808081675d182801675dd2817503f1',NULL,'functionDescription','函数描述','private',1,0,0,NULL,'string','','text','asc',NULL,NULL,NULL)
,('ff808081675d182801675de3ac180494','ff808081675d182801675dd2817503f1',NULL,'isPrimary','是否主要转化','private',1,0,0,NULL,'boolean','','text','asc',NULL,NULL,NULL)
,('ff808081675d182801675de4fea50498','ff808081675d182801675dd4614303fe',NULL,'precedingStep','前续步骤','private',1,0,0,'cn.gov.pbc.mdmp.transformation.StepPrecedence','metamodel','','SingleMDSelector','asc',NULL,NULL,NULL)
,('ff808081675d182801675de7b77604a5','ff808081675d182801675dd1ee4d03ed',NULL,'investTask','反向任务','private',1,0,0,'cn.gov.pbc.mdmp.transformation.TransformationTask','metamodel','','SingleMDSelector','asc',NULL,NULL,NULL)
,('ff808081675d182801675de8a8f204a9','ff808081675d182801675dd3c95d03f9',NULL,'treeType','分叉树类型','private',1,0,0,NULL,'string','','text','asc',NULL,NULL,NULL)
,('ff808081675d182801675de9064804ad','ff808081675d182801675dd3c95d03f9',NULL,'body','主体表达式','private',1,0,0,NULL,'string','','text','asc',NULL,NULL,NULL)
,('ff808081675d182801675e40784a0610','ff808081675d182801675e3faae305fd',NULL,'description','描述','private',1,0,0,NULL,'string','','text','asc',NULL,NULL,NULL)
,('ff808081675d182801675e415a420619','ff808081675d182801675e3faae305fd',NULL,'type','系统类型','private',1,0,0,NULL,'string','','text','asc',NULL,NULL,NULL)
,('ff808081675d182801675e432b900622','ff808081675d182801675e3faae305fd',NULL,'subtype','子系统类型','private',1,0,0,NULL,'string','','text','asc',NULL,NULL,NULL)
,('ff808081675d182801675e4378a4062a','ff808081675d182801675e3faae305fd',NULL,'supplier','供应商','private',1,0,0,NULL,'string','','text','asc',NULL,NULL,NULL)
,('ff808081675d182801675e43c2bd062e','ff808081675d182801675e3faae305fd',NULL,'softwareVersion','系统版本','private',1,0,0,NULL,'string','','text','asc',NULL,NULL,NULL)
,('ff808081675d182801675e45ee4c065e','ff808081675d182801675e2861a5054a',NULL,'constantValue','常量值','private',1,0,0,NULL,'string','','text','asc',NULL,NULL,NULL)
,('ff808081675d182801675e4785370681','ff808081675d182801675e46da71066f',NULL,'ipAddress','IP地址','private',1,0,0,NULL,'string','','text','asc',NULL,NULL,NULL)
,('ff808081675d182801675e47a6220685','ff808081675d182801675e46da71066f',NULL,'hostName','主机名','private',1,0,0,NULL,'string','','text','asc',NULL,NULL,NULL)
,('ff808081675d182801675e47dddb0689','ff808081675d182801675e46da71066f',NULL,'machineId','主机ID','private',1,0,0,NULL,'string','','text','asc',NULL,NULL,NULL)
,('ff808081675d182801675e48de1e0695','ff808081675d182801675e29e0080556',NULL,'timeExpression','时间表达式','private',1,0,0,NULL,'string','','text','asc',NULL,NULL,NULL)
,('ff808081675d182801675e492f600699','ff808081675d182801675e29e0080556',NULL,'event','事件','private',1,0,0,NULL,'string','','text','asc',NULL,NULL,NULL)
,('ff808081675d182801675e499d34069d','ff808081675d182801675e29e0080556',NULL,'description','描述','private',1,0,0,NULL,'string','','text','asc',NULL,NULL,NULL)
,('ff808081675d182801675e49f7a106a1','ff808081675d182801675e29e0080556',NULL,'jobType','作业类型','private',1,0,0,NULL,'string','','text','asc',NULL,NULL,NULL)
,('ff808081675d182801675e4b0bd106b2','ff808081675d182801675e33cb430586',NULL,'isEnable','是否有效','private',1,0,0,NULL,'string','','text','asc',NULL,NULL,NULL)
,('ff808081675d182801675e4bff2206b6','ff808081675d182801675e33cb430586',NULL,'description','描述','private',1,0,0,NULL,'string','','text','asc',NULL,NULL,NULL)
,('ff808081675d182801675e4d403006bc','ff808081675d182801675e448223063f',NULL,'serverDescription','服务器描述','private',1,0,0,NULL,'string','','text','asc',NULL,NULL,NULL)
,('ff808081675d182801675e4d92f106c0','ff808081675d182801675e448223063f',NULL,'enable','是否有效','private',1,0,0,NULL,'boolean','','text','asc',NULL,NULL,NULL)
,('ff808081675d182801675e4e882c06ce','ff808081675d182801675e448223063f',NULL,'serverIpAddr','服务器IP地址','private',1,0,0,NULL,'string','','text','asc',NULL,NULL,NULL)
,('ff808081675d182801675e4ed24a06d7','ff808081675d182801675e448223063f',NULL,'port','端口','private',1,0,0,NULL,'int','','text','asc',NULL,NULL,NULL)
,('ff808081675d182801675e4f597406e5','ff808081675d182801675e448223063f',NULL,'jobType','任务类型','private',1,0,0,NULL,'string','','text','asc',NULL,NULL,NULL)
,('ff808081675d182801675e4fa3d006e9','ff808081675d182801675e448223063f',NULL,'server','服务器','private',1,0,0,NULL,'string','','text','asc',NULL,NULL,NULL)
,('ff808081675d182801675e500da306f0','ff808081675d182801675e448223063f',NULL,'description','描述','private',1,0,0,NULL,'string','','text','asc',NULL,NULL,NULL)
,('ff808081675d182801675e50a59b06f8','ff808081675d182801675e448223063f',NULL,'taskLoadDate','任务加载日期','private',1,0,0,NULL,'Date','','text','asc',NULL,NULL,NULL)
,('ff808081675d182801675e512b6806fc','ff808081675d182801675e4e2bf406c8',NULL,'familyVersion','成员版本','private',1,0,0,NULL,'string','','text','asc',NULL,NULL,NULL)
,('ff808081675d182801675e5142960700','ff808081675d182801675e448223063f',NULL,'jobStatus','任务状态','private',1,0,0,NULL,'string','','text','asc',NULL,NULL,NULL)
,('ff808081675d182801675e5187ca0704','ff808081675d182801675e448223063f',NULL,'group','所属任务组','private',1,0,0,NULL,'string','','text','asc',NULL,NULL,NULL)
,('ff808081675d182801675e5194e90707','ff808081675d182801675e4ed92f06db',NULL,'isUperLowerCase','是否大小写敏感','private',1,0,0,NULL,'boolean','','text','asc',NULL,NULL,NULL)
,('ff808081675d182801675e51ccc1070d','ff808081675d182801675e4e2bf406c8',NULL,'configuration','结构','private',1,0,0,NULL,'string','','text','asc',NULL,NULL,NULL)
,('ff808081675d182801675e5264a90712','ff808081675d182801675e4352650626',NULL,'initialValue','初始值','private',1,0,0,NULL,'string','','text','asc',NULL,NULL,NULL)
,('ff808081675d182801675e5484aa0718','ff808081675d182801675e428b3b061e',NULL,'initialValue','初始值','private',1,0,0,NULL,'string','','text','asc',NULL,NULL,NULL)
,('ff808081675d182801675e5598460732','ff808081675d182801675e4e2bf406c8',NULL,'isKeepDeletedCells','是否保留删除的','private',1,0,0,NULL,'boolean','','text','asc',NULL,NULL,NULL)
,('ff808081675d182801675e5d855807f4','ff808081675d182801675e5ca85507d0',NULL,'ipAddr','IP地址','private',1,0,0,NULL,'string','','text','asc',NULL,NULL,NULL)
,('ff808081675d182801675e61ab94082b','ff808081675d182801675e6085b70817',NULL,'ipAddr','IP地址','private',1,0,0,NULL,'string','','text','asc',NULL,NULL,NULL)
,('ff808081675d182801675e61e721082e','ff808081675d182801675e4e2bf406c8',NULL,'compression','压缩','private',1,0,0,NULL,'int','','text','asc',NULL,NULL,NULL)
,('ff808081675d182801675e6267c50836','ff808081675d182801675e4e2bf406c8',NULL,'blockSize','块大小','private',1,0,0,NULL,'int','','text','asc',NULL,NULL,NULL)
,('ff808081675d182801675e6426a80854','ff808081675d182801675e63ba1a0848',NULL,'ipAddr','IP地址','private',1,0,0,NULL,'string','','text','asc',NULL,NULL,NULL)
,('ff808081675d182801675e6435990857','ff808081675d182801675e4e2bf406c8',NULL,'dataBlockEncoding','信息组编码','private',1,0,0,NULL,'string','','text','asc',NULL,NULL,NULL)
,('ff808081675d182801675e64909e0860','ff808081675d182801675e4e2bf406c8',NULL,'minVersion','最小版本','private',1,0,0,NULL,'string','','text','asc',NULL,NULL,NULL)
,('ff808081675d182801675e64f81b0875','ff808081675d182801675e64ab7f0864',NULL,'ipAddr','IP地址','private',1,0,0,NULL,'string','','text','asc',NULL,NULL,NULL)
,('ff808081675d182801675e650b250878','ff808081675d182801675e4e2bf406c8',NULL,'bloomfilter','布隆过滤器','private',1,0,0,NULL,'string','','text','asc',NULL,NULL,NULL)
,('ff808081675d182801675e659fb4087c','ff808081675d182801675e4e2bf406c8',NULL,'isInMemory','是否内存存储','private',1,0,0,NULL,'boolean','','text','asc',NULL,NULL,NULL)
,('ff808081675d182801675e66bd77089a','ff808081675d182801675e65cc880881',NULL,'structure','结构定义','private',1,0,0,NULL,'string','','text','asc',NULL,NULL,NULL)
,('ff808081675d182801675e6eccc3090f','ff808081675d182801675e6e64260904',NULL,'memo','备注','private',1,0,0,NULL,'string','','text','asc',NULL,NULL,NULL)
,('ff808081675e727401675e77b71d006b','ff808081675d182801675e4e2bf406c8',NULL,'blockCache','块缓存','private',1,0,0,NULL,'string','','text','asc',NULL,NULL,NULL)
,('ff808081675e727401675e78250a0080','ff808081675d182801675e4e2bf406c8',NULL,'ttl','生存周期','private',1,0,0,NULL,'int','','text','asc',NULL,NULL,NULL)
,('ff808081675e727401675e7911f60092','ff808081675d182801675e4e2bf406c8',NULL,'replictationScope','拷贝范围','private',1,0,0,NULL,'string','','text','asc',NULL,NULL,NULL)
,('ff808081675e727401675e7aae8b00d2','ff808081675e727401675e7a448900bb',NULL,'configuration','结构','private',1,0,0,NULL,'string','','text','asc',NULL,NULL,NULL)
,('ff808081675e727401675e7e2044012f','ff808081675e727401675e7d9a97011d',NULL,'directoryName','目录名','private',1,0,0,NULL,'string','','text','asc',NULL,NULL,NULL)
,('ff808081675e727401675e7e539f013d','ff808081675e727401675e7b040300dc',NULL,'level','层级','private',1,0,0,NULL,'int','','text','asc',NULL,NULL,NULL)
,('ff808081675e727401675e7e9afa0149','ff808081675e727401675e7d9a97011d',NULL,'codingType','编码格式','private',1,0,0,NULL,'string','','text','asc',NULL,NULL,NULL)
,('ff808081675e727401675e7ea2f5014c','ff808081675e727401675e7b040300dc',NULL,'orgType','机构类型','private',1,0,0,NULL,'string','','text','asc',NULL,NULL,NULL)
,('ff808081675e727401675e7edbf10156','ff808081675e727401675e7b040300dc',NULL,'supperOrgNo','上级机构','private',1,0,0,NULL,'string','','text','asc',NULL,NULL,NULL)
,('ff808081675e727401675e7eebc90159','ff808081675e727401675e7d9a97011d',NULL,'compressType','压缩类型','private',1,0,0,NULL,'string','','text','asc',NULL,NULL,NULL)
,('ff808081675e727401675e7f4098016d','ff808081675e727401675e7d9a97011d',NULL,'fileType','文件类型','private',1,0,0,NULL,'string','','text','asc',NULL,NULL,NULL)
,('ff808081675e727401675e7fc9ce0182','ff808081675e727401675e7d9a97011d',NULL,'columnSplit','列分隔符','private',1,0,0,NULL,'string','','text','asc',NULL,NULL,NULL)
,('ff808081675e727401675e806390019b','ff808081675e727401675e7d9a97011d',NULL,'keyValueSplit','键值对分隔符','private',1,0,0,NULL,'string','','text','asc',NULL,NULL,NULL)
,('ff808081675e727401675e80c09701ad','ff808081675e727401675e7d9a97011d',NULL,'isHdfsFile','是否是HDFS','private',1,0,0,NULL,'boolean','','text','asc',NULL,NULL,NULL)
,('ff808081675e727401675e80d3d601b0','ff808081675e727401675e8033230191',NULL,'userType','用户类型','private',1,0,0,NULL,'string','','text','asc',NULL,NULL,NULL)
,('ff808081675e727401675e80ec6301b4','ff808081675e727401675e8033230191',NULL,'sex','性别','private',1,0,0,NULL,'string','','text','asc',NULL,NULL,NULL)
,('ff808081675e727401675e8107b501be','ff808081675e727401675e8033230191',NULL,'email','电子邮件','private',1,0,0,NULL,'string','','text','asc',NULL,NULL,NULL)
,('ff808081675e727401675e81378301cb','ff808081675e727401675e8033230191',NULL,'phone','电话','private',1,0,0,NULL,'string','','text','asc',NULL,NULL,NULL)
,('ff808081675e727401675e8240a70200','ff808081675e727401675e81711101df',NULL,'fieldType','字段类型','private',1,0,0,NULL,'string','','text','asc',NULL,NULL,NULL)
,('ff808081675e727401675e827d30020e','ff808081675e727401675e81711101df',NULL,'order','顺序','private',1,0,0,NULL,'int','','text','asc',NULL,NULL,NULL)
,('ff808081675e727401675e83c3d30245','ff808081675e727401675e8332220234',NULL,'structure','结构定义','private',1,0,0,NULL,'string','','text','asc',NULL,NULL,NULL)
,('ff808081675e727401675e8400200256','ff808081675e727401675e8332220234',NULL,'storageType','存储方式','private',1,0,0,NULL,'string','','text','asc',NULL,NULL,NULL)
,('ff808081675e727401675e8a87a90301','ff808081675e727401675e8332220234',NULL,'storageLocation','存储位置','private',1,0,0,NULL,'string','','text','asc',NULL,NULL,NULL)
,('ff808081675e727401675e8adb3f0305','ff808081675e727401675e8332220234',NULL,'collectionType','收集方式','private',1,0,0,NULL,'string','','text','asc',NULL,NULL,NULL)
,('ff808081675e727401675e8b01380309','ff808081675e727401675e8332220234',NULL,'event','事件','private',1,0,0,NULL,'string','','text','asc',NULL,NULL,NULL)
,('ff808081675e727401675e9bb68b03d8','ff808081675d182801675e6f4aa40916',NULL,'description','描述','private',1,0,0,NULL,'string','','text','asc',NULL,NULL,NULL)
,('ff808081675e727401675e9c5e9803f5','ff808081675e727401675e7c648e00f8',NULL,'defintion','业务定义','private',1,0,0,NULL,'string','','text','asc',NULL,NULL,NULL)
,('ff808081675e727401675e9d1acc0417','ff808081675e727401675e7c648e00f8',NULL,'businessRule','业务规则','private',1,0,0,NULL,'string','','text','asc',NULL,NULL,NULL)
,('ff808081675e727401675e9d36ef041c','ff808081675e727401675e9c5c6f03f0',NULL,'standardCode','标准编号','private',1,0,0,NULL,'string','','text','asc',NULL,NULL,NULL)
,('ff808081675e727401675e9d7c3a0423','ff808081675e727401675e9c5c6f03f0',NULL,'standardName','标准名称','private',1,0,0,NULL,'string','','text','asc',NULL,NULL,NULL)
,('ff808081675e727401675e9d858e0427','ff808081675e727401675e7c648e00f8',NULL,'range','值域','private',1,0,0,NULL,'string','','text','asc',NULL,NULL,NULL)
,('ff808081675e727401675e9e10540431','ff808081675e727401675e9c5c6f03f0',NULL,'businessDescription','业务描述','private',1,0,0,NULL,'string','','text','asc',NULL,NULL,NULL)
,('ff808081675e727401675e9e237f0435','ff808081675e727401675e7c648e00f8',NULL,'standardBasis','标准依据','private',1,0,0,NULL,'string','','text','asc',NULL,NULL,NULL)
,('ff808081675e727401675e9e76290439','ff808081675e727401675e7c648e00f8',NULL,'dataType','数据类型','private',1,0,0,NULL,'string','','text','asc',NULL,NULL,NULL)
,('ff808081675e727401675e9ed5c9043e','ff808081675e727401675e9c5c6f03f0',NULL,'examinationFrequency','检核周期','private',1,0,0,NULL,'string','','text','asc',NULL,NULL,NULL)
,('ff808081675e727401675e9ed5cc043f','ff808081675e727401675e7c648e00f8',NULL,'format','数据格式','private',1,0,0,NULL,'string','','text','asc',NULL,NULL,NULL)
,('ff808081675e727401675e9f329c0445','ff808081675e727401675e9c5c6f03f0',NULL,'examinationMethod','检核方式','private',1,0,0,NULL,'string','','text','asc',NULL,NULL,NULL)
,('ff808081675e727401675e9f715c0449','ff808081675e727401675e9c5c6f03f0',NULL,'ruleStatus','规则状态','private',1,0,0,NULL,'string','','text','asc',NULL,NULL,NULL)
,('ff808081675e727401675e9f7468044c','ff808081675e727401675e7c648e00f8',NULL,'codingRule','代码编码规则','private',1,0,0,NULL,'string','','text','asc',NULL,NULL,NULL)
,('ff808081675e727401675ea022510451','ff808081675e727401675e7c648e00f8',NULL,'relatedDepartment','相关部门','private',1,0,0,NULL,'string','','text','asc',NULL,NULL,NULL)
,('ff808081675e727401675ea08ad30455','ff808081675e727401675e9c5c6f03f0',NULL,'createTime','创建日期','private',1,0,0,NULL,'Date','','text','asc',NULL,NULL,NULL)
,('ff808081675e727401675ea0c0280459','ff808081675e727401675e9c5c6f03f0',NULL,'updateTime','更新日期','private',1,0,0,NULL,'Date','','text','asc',NULL,NULL,NULL)
,('ff808081675e727401675ea0d0d9045d','ff808081675e727401675e7c648e00f8',NULL,'trustedDataSource','可信数据源','private',1,0,0,NULL,'string','','text','asc',NULL,NULL,NULL)
,('ff808081675e727401675ea168740464','ff808081675e727401675e7c648e00f8',NULL,'relatedStandard','相关标准','private',1,0,0,NULL,'string','','text','asc',NULL,NULL,NULL)
,('ff808081675e727401675ea1a2600468','ff808081675e727401675e9c5c6f03f0',NULL,'originSystemName','源系统中文名','private',1,0,0,NULL,'string','','text','asc',NULL,NULL,NULL)
,('ff808081675e727401675ea1f0df046c','ff808081675e727401675e9c5c6f03f0',NULL,'originSystemCode','源系统英文名','private',1,0,0,NULL,'string','','text','asc',NULL,NULL,NULL)
,('ff808081675e727401675ea1f992046f','ff808081675e727401675e7c648e00f8',NULL,'standardRelation','相关标准的关系','private',1,0,0,NULL,'string','','text','asc',NULL,NULL,NULL)
;
INSERT INTO MDMP_CLS_ATTRIBUTE (CLS_ATTRIBUTE_ID,CLASS_ID,ORD,NAME,"ALIAS",VISIBILITY,CHANGEABILITY,DEPRECATED,MANDATORY,ATTR_CLASS,VALUE_TYPE,INIT_VALUE,EDITOR,"ORDERING",FORMAT,EQU_WEIGHT,UNEQU_WEIGHT) VALUES 
('ff808081675e727401675ea236b70474','ff808081675e727401675e9c5c6f03f0',NULL,'tableName','数据库表中文名','private',1,0,0,NULL,'string','','text','asc',NULL,NULL,NULL)
,('ff808081675e727401675ea26a400479','ff808081675e727401675e9c5c6f03f0',NULL,'tableCode','数据库英文名','private',1,0,0,NULL,'string','','text','asc',NULL,NULL,NULL)
,('ff808081675e727401675ea3030d047e','ff808081675e727401675e9c5c6f03f0',NULL,'columnName','相关字段中文名','private',1,0,0,NULL,'string','','text','asc',NULL,NULL,NULL)
,('ff808081675e727401675ea349660483','ff808081675e727401675e9c5c6f03f0',NULL,'columnCode','相关字段英文名','private',1,0,0,NULL,'string','','text','asc',NULL,NULL,NULL)
,('ff808081675e727401675ea381020487','ff808081675e727401675e7c648e00f8',NULL,'classficationCode','公共代码分类','private',1,0,0,NULL,'string','','text','asc',NULL,NULL,NULL)
,('ff808081675e727401675ea382740489','ff808081675e727401675e9c5c6f03f0',NULL,'script','质量脚本','private',1,0,0,NULL,'string','','text','asc',NULL,NULL,NULL)
,('ff808081675e727401675ea59665049a','ff808081675d182801675d3d351400db',NULL,'isAbstract','是否抽象','public',1,0,0,NULL,'boolean','','text','asc',NULL,NULL,NULL)
,('ff808081675e727401675ea7464b04a7','ff808081675d182801675d3c9bc700d2',NULL,'type','数据类型','public',1,0,0,'cn.gov.pbc.mdmp.core.Classifier','metamodel','','SingleMDSelector','asc',NULL,NULL,NULL)
,('ff808081675e727401675ead8b020516','ff808081675e727401675ead2a7a050d',NULL,'path','路径','private',1,0,0,NULL,'file','','SingleUploadFile','asc',NULL,NULL,NULL)
,('ff808081675e727401675eadc9f4051b','ff808081675e727401675ead2a7a050d',NULL,'brief','摘要','private',1,0,0,NULL,'string','','text','asc',NULL,NULL,NULL)
,('ff808081675e727401675eaede560521','ff808081675e727401675ead2a7a050d',NULL,'maintenancePerson','维护人','private',1,0,0,NULL,'string','','text','asc',NULL,NULL,NULL)
,('ff808081675e727401675eaf20a10525','ff808081675e727401675ead2a7a050d',NULL,'hostName','所在主机','private',1,0,0,NULL,'string','','text','asc',NULL,NULL,NULL)
,('ff808081675e727401675eaf4f480529','ff808081675e727401675ead2a7a050d',NULL,'fileType','文件类型','private',1,0,0,NULL,'string','','text','asc',NULL,NULL,NULL)
,('ff80808167786f2901677c73f01502ad','ff808081675d182801675d220b76003d',NULL,'SequenceDirectory','','private',1,0,0,'database.SequenceDirectory','metamodel','','SingleMDSelector','asc',NULL,NULL,NULL)
,('ff80808167786f2901677c74ab2702b7','ff808081675e72740167622471fc0de0',NULL,'AbstractStaticDirectory','','private',1,0,0,'cn.gov.pbc.mdmp.core.AbstractStaticDirectory','metamodel','','SingleMDSelector','asc',NULL,NULL,NULL)
,('ff808081693865c001693d3ac8ae5a64','ff808081675e727401675ee5fde007c1',NULL,'currency','币种','protected',1,0,0,NULL,'string','','text','asc',NULL,NULL,NULL)
,('ff808081675e727401675eb5489e0562','ff808081675d182801675d54be720112',NULL,'Feature','字段、属性','private',1,0,0,'cn.gov.pbc.mdmp.core.Feature','metamodel','','SingleMDSelector','asc',NULL,NULL,NULL)
,('ff808081675e727401675eb605af056b','ff808081675d182801675d316d6000a2',NULL,'Index','索引','private',1,0,0,'cn.gov.pbc.mdmp.keyindexes.Index','metamodel','','SingleMDSelector','asc',NULL,NULL,NULL)
,('ff808081675e727401675eb8d1ed0588','ff808081675d182801675d2cfdd6007e',NULL,'keyRelationship','键关系','private',1,0,0,'cn.gov.pbc.mdmp.keyindexes.KeyRelationship','metamodel','','SingleMDSelector','asc',NULL,NULL,NULL)
,('ff808081675e727401675eb9cce7059c','ff808081675d182801675d2cfdd6007e',NULL,'indexFeature','索引特征','private',1,0,0,'cn.gov.pbc.mdmp.keyindexes.IndexFeature','metamodel','','SingleMDSelector','asc',NULL,NULL,NULL)
,('ff808081675e727401675eba5d9805a5','ff808081675d182801675d2cfdd6007e',NULL,'uniqueKey','唯一键','private',1,0,0,'cn.gov.pbc.mdmp.keyindexes.UniqueKey','metamodel','','SingleMDSelector','asc',NULL,NULL,NULL)
,('ff808081675e727401675ebb5fa305ae','ff808081675d182801675d55ceb3011b',NULL,'structuralFeature','具有结构的字段、属性','private',1,0,0,'cn.gov.pbc.mdmp.core.StructuralFeature','metamodel','','SingleMDSelector','asc',NULL,NULL,NULL)
,('ff808081675e727401675ebc262305b8','ff808081675d182801675d56ca7b0124',NULL,'structuralFeature','具有结构的字段、属性','private',1,0,0,'cn.gov.pbc.mdmp.core.StructuralFeature','metamodel','','SingleMDSelector','asc',NULL,NULL,NULL)
,('ff808081675e727401675ebcb5c905c2','ff808081675d182801675d5410150109',NULL,'structuralFeature','具有结构的字段、属性','private',1,0,0,'cn.gov.pbc.mdmp.core.StructuralFeature','metamodel','','SingleMDSelector','asc',NULL,NULL,NULL)
,('ff808081675e727401675ec27dac0612','ff808081675e727401675ea762e504aa',NULL,'dbLocation','数据库路径','private',1,0,0,NULL,'string','','text','asc',NULL,NULL,NULL)
,('ff808081675e727401675ec3c7170629','ff808081675e727401675ea8ed9804c1',NULL,'tableType','表类型','private',1,0,0,NULL,'string','','text','asc',NULL,NULL,NULL)
,('ff808081675e727401675ec41881062d','ff808081675e727401675ea8ed9804c1',NULL,'tableLocation','表路径','private',1,0,0,NULL,'string','','text','asc',NULL,NULL,NULL)
,('ff808081675e727401675ec470f20639','ff808081675e727401675ea8ed9804c1',NULL,'owner','拥有者','private',1,0,0,NULL,'string','','text','asc',NULL,NULL,NULL)
,('ff808081675e727401675ec4b591063f','ff808081675e727401675ea8ed9804c1',NULL,'createTime','表创建时间','private',1,0,0,NULL,'Date','','text','asc',NULL,NULL,NULL)
,('ff808081675e727401675ec520130644','ff808081675e727401675ec46ecf0635',NULL,'program','程序名','private',1,0,0,NULL,'string','','text','asc',NULL,NULL,NULL)
,('ff808081675e727401675ec538570648','ff808081675e727401675ea8ed9804c1',NULL,'lastAccessTime','最近访问时间','private',1,0,0,NULL,'Date','','text','asc',NULL,NULL,NULL)
,('ff808081675e727401675ec58dfa064c','ff808081675e727401675ea8ed9804c1',NULL,'retention','保留','private',1,0,0,NULL,'string','','text','asc',NULL,NULL,NULL)
,('ff808081675e727401675ec58fcc064f','ff808081675e727401675ec46ecf0635',NULL,'programName','程序中文名','private',1,0,0,NULL,'string','','text','asc',NULL,NULL,NULL)
,('ff808081675e727401675ec654980654','ff808081675e727401675ec46ecf0635',NULL,'sourceDatabase','源数据库','private',1,0,0,NULL,'string','','text','asc',NULL,NULL,NULL)
,('ff808081675e727401675ec6a0840658','ff808081675e727401675ea8ed9804c1',NULL,'protectMode','保护模式','private',1,0,0,NULL,'string','','text','asc',NULL,NULL,NULL)
,('ff808081675e727401675ec73677065c','ff808081675e727401675ea8ed9804c1',NULL,'viewExpandedText','展开的文本','private',1,0,0,NULL,'int','','text','asc',NULL,NULL,NULL)
,('ff808081675e727401675ec7429e065f','ff808081675e727401675ec46ecf0635',NULL,'sourceTableName','源表中文名','private',1,0,0,NULL,'string','','text','asc',NULL,NULL,NULL)
,('ff808081675e727401675ec7c6780663','ff808081675e727401675ec46ecf0635',NULL,'sourceTable','源表名','private',1,0,0,NULL,'string','','text','asc',NULL,NULL,NULL)
,('ff808081675e727401675ec85c9d0667','ff808081675e727401675ec46ecf0635',NULL,'sourceColumn','源字段名','private',1,0,0,NULL,'string','','text','asc',NULL,NULL,NULL)
,('ff808081675e727401675ec91957066b','ff808081675e727401675ec46ecf0635',NULL,'sourceColumnDesc','源字段描述','private',1,0,0,NULL,'string','','text','asc',NULL,NULL,NULL)
,('ff808081675e727401675eca0654066f','ff808081675e727401675ec46ecf0635',NULL,'targetDatabase','目标数据库','private',1,0,0,NULL,'string','','text','asc',NULL,NULL,NULL)
,('ff808081675e727401675eca9b440673','ff808081675e727401675ec46ecf0635',NULL,'targetTableName','目标表中文名','private',1,0,0,NULL,'string','','text','asc',NULL,NULL,NULL)
,('ff808081675e727401675ecb07080677','ff808081675e727401675ec46ecf0635',NULL,'targetTable','目标表名','private',1,0,0,NULL,'string','','text','asc',NULL,NULL,NULL)
,('ff808081675e727401675ecd321a067b','ff808081675e727401675ec46ecf0635',NULL,'targetColumn','目标字段名','private',1,0,0,NULL,'string','','text','asc',NULL,NULL,NULL)
,('ff808081675e727401675ece249d067f','ff808081675e727401675ec46ecf0635',NULL,'targetColumnDesc','目标字段描述','private',1,0,0,NULL,'string','','text','asc',NULL,NULL,NULL)
,('ff808081675e727401675eced95b0683','ff808081675e727401675ec46ecf0635',NULL,'mappingRule','映射规则','private',1,0,0,NULL,'string','','text','asc',NULL,NULL,NULL)
,('ff808081675e727401675ed026a60688','ff808081675e727401675ec46ecf0635',NULL,'condition','关联条件','private',1,0,0,NULL,'string','','text','asc',NULL,NULL,NULL)
,('ff808081675e727401675ed1ed27068d','ff808081675e727401675ec2ddad061a',NULL,'filterCondition','数据过滤条件','private',1,0,0,NULL,'string','','text','asc',NULL,NULL,NULL)
,('ff808081675e727401675ed283530693','ff808081675e727401675ec2ddad061a',NULL,'sourceTableName','源表中文名','private',1,0,0,NULL,'string','','text','asc',NULL,NULL,NULL)
,('ff808081675e727401675ed7ad7306be','ff808081675e727401675ed6466d06b6',NULL,'modelVersion','模型版本','private',1,0,0,NULL,'string','','text','asc',NULL,NULL,NULL)
,('ff808081675e727401675ed8045006c2','ff808081675e727401675ed6466d06b6',NULL,'modelStatus','模型状态','private',1,0,0,NULL,'string','','text','asc',NULL,NULL,NULL)
,('ff808081675e727401675ed8479d06c6','ff808081675e727401675ed6466d06b6',NULL,'modelAuditor','模型审核人','private',1,0,0,NULL,'string','','text','asc',NULL,NULL,NULL)
,('ff808081675e727401675ed88a4f06cb','ff808081675e727401675ed6466d06b6',NULL,'modelAuditTime','模型审核时间','private',1,0,0,NULL,'Date','','text','asc',NULL,NULL,NULL)
,('ff808081675e727401675ed8c34b06d0','ff808081675e727401675ed6466d06b6',NULL,'modelIssuer','模型发行人','private',1,0,0,NULL,'string','','text','asc',NULL,NULL,NULL)
,('ff808081675e727401675ed9174006d7','ff808081675e727401675ec2ddad061a',NULL,'businessScope','业务范围条件','private',1,0,0,NULL,'string','','text','asc',NULL,NULL,NULL)
,('ff808081675e727401675ed96bdb06db','ff808081675e727401675ed6466d06b6',NULL,'modelIssueTime','模型发行时间','private',1,0,0,NULL,'Date','','text','asc',NULL,NULL,NULL)
,('ff808081675e727401675ed9856e06de','ff808081675e727401675ec2ddad061a',NULL,'proName','程序中文名','private',1,0,0,NULL,'string','','text','asc',NULL,NULL,NULL)
,('ff808081675e727401675ed9ee9306e3','ff808081675e727401675ed6466d06b6',NULL,'modelIssueNotes','模型发行说明','private',1,0,0,NULL,'string','','text','asc',NULL,NULL,NULL)
,('ff808081675e727401675eda1af506e7','ff808081675e727401675ed6466d06b6',NULL,'description','描述','private',1,0,0,NULL,'string','','text','asc',NULL,NULL,NULL)
,('ff808081675e727401675eda574706eb','ff808081675e727401675ec2ddad061a',NULL,'connCondition','数据源连接条件','private',1,0,0,NULL,'string','','text','asc',NULL,NULL,NULL)
,('ff808081675e727401675edb1f9606f8','ff808081675e727401675ec2ddad061a',NULL,'targetTableName','目标表中文名','private',1,0,0,NULL,'string','','text','asc',NULL,NULL,NULL)
,('ff808081675e727401675edb90a706fc','ff808081675e727401675ec2ddad061a',NULL,'targetTable','目标表名','private',1,0,0,NULL,'string','','text','asc',NULL,NULL,NULL)
,('ff808081675e727401675edc31080704','ff808081675e727401675ec2ddad061a',NULL,'sourceDatabase','源数据库','private',1,0,0,NULL,'string','','text','asc',NULL,NULL,NULL)
,('ff808081675e727401675edc715a0708','ff808081675e727401675edabf0206f3',NULL,'description','描述','private',1,0,0,NULL,'string','','text','asc',NULL,NULL,NULL)
,('ff808081675e727401675edcab7d070b','ff808081675e727401675ec2ddad061a',NULL,'sourceTable','源表名','private',1,0,0,NULL,'string','','text','asc',NULL,NULL,NULL)
,('ff808081675e727401675edd325b070f','ff808081675e727401675ec2ddad061a',NULL,'targetDatabase','目标数据库','private',1,0,0,NULL,'string','','text','asc',NULL,NULL,NULL)
,('ff808081675e727401675edd88d20713','ff808081675e727401675ec2ddad061a',NULL,'program','程序名','private',1,0,0,NULL,'string','','text','asc',NULL,NULL,NULL)
,('ff808081675e727401675ede5e950725','ff808081675e727401675ec3a55d0624',NULL,'company','所属公司','private',1,0,0,NULL,'string','','text','asc',NULL,NULL,NULL)
,('ff808081675e727401675edec66f072e','ff808081675e727401675ede56b60721',NULL,'description','描述','private',1,0,0,NULL,'string','','text','asc',NULL,NULL,NULL)
,('ff808081675e727401675edfae3b073d','ff808081675e727401675ec3a55d0624',NULL,'author','作者','private',1,0,0,NULL,'int','','text','asc',NULL,NULL,NULL)
,('ff808081675e727401675edff73f0741','ff808081675e727401675edf60fa0736',NULL,'relationType','关系类型','private',1,0,0,NULL,'string','','text','asc',NULL,NULL,NULL)
,('ff808081675e727401675ee0580e0748','ff808081675e727401675ec3a55d0624',NULL,'copyright','版本声明','private',1,0,0,NULL,'string','','text','asc',NULL,NULL,NULL)
,('ff808081675e727401675ee086b2074d','ff808081675e727401675edf60fa0736',NULL,'rightEntityCode','实体二编号','private',1,0,0,NULL,'string','','text','asc',NULL,NULL,NULL)
,('ff808081675e727401675ee1705b0751','ff808081675e727401675ec3a55d0624',NULL,'writeDate','编写日期','private',1,0,0,NULL,'Date','','text','asc',NULL,NULL,NULL)
,('ff808081675e727401675ee214dc075a','ff808081675e727401675ec3a55d0624',NULL,'briefly','简述','private',1,0,0,NULL,'string','','text','asc',NULL,NULL,NULL)
,('ff808081675e727401675ee2766d0763','ff808081675e727401675ec3a55d0624',NULL,'codePath','代码路径','private',1,0,0,NULL,'string','','text','asc',NULL,NULL,NULL)
,('ff808081675e727401675ee2772b0765','ff808081675e727401675ea8ed9804c1',NULL,'viewOriginalText','原始的文本','private',1,0,0,NULL,'string','','text','asc',NULL,NULL,NULL)
,('ff808081675e727401675ee2d8c6076d','ff808081675e727401675ee241f3075e',NULL,'publicCode','公共代码','private',1,0,0,NULL,'string','','text','asc',NULL,NULL,NULL)
,('ff808081675e727401675ee2e9670770','ff808081675e727401675ea8ed9804c1',NULL,'bucketsNum','桶数','private',1,0,0,NULL,'int','','text','asc',NULL,NULL,NULL)
,('ff808081675e727401675ee324ac0777','ff808081675e727401675ea8ed9804c1',NULL,'parameters','参数','private',1,0,0,NULL,'string','','text','asc',NULL,NULL,NULL)
,('ff808081675e727401675ee40393078f','ff808081675e727401675ea899a104bd',NULL,'columnType','字段类型','private',1,0,0,NULL,'string','','text','asc',NULL,NULL,NULL)
,('ff808081675e727401675ee46d1207a9','ff808081675e727401675ea899a104bd',NULL,'isBucket','是否桶字段','private',1,0,0,NULL,'boolean','','text','asc',NULL,NULL,NULL)
,('ff808081675e727401675ee4cf4407ae','ff808081675e727401675ea899a104bd',NULL,'isParition','是否分区字段','private',1,0,0,NULL,'boolean','','text','asc',NULL,NULL,NULL)
,('ff808081675e727401675ee6639b07d3','ff808081675e727401675ee5fde007c1',NULL,'updateTime','更新时间','private',1,0,0,NULL,'Date','','text','asc',NULL,NULL,NULL)
,('ff808081675e727401675ee67f7007d9','ff808081675d182801675d68a15c0164',NULL,'recordDef','记录定义','private',1,0,0,'cn.gov.pbc.mdmp.resource.record.RecordDef','metamodel','','SingleMDSelector','asc',NULL,NULL,NULL)
,('ff808081675e727401675ee6abee07dd','ff808081675e727401675ee5fde007c1',NULL,'deployTime','上线日期','private',1,0,0,NULL,'Date','','text','asc',NULL,NULL,NULL)
,('ff808081675e727401675ee6dbeb07e1','ff808081675e727401675ee5fde007c1',NULL,'responsibilityPerson','责任人','private',1,0,0,NULL,'string','','text','asc',NULL,NULL,NULL)
,('ff808081675e727401675ee7195607ee','ff808081675d182801675d672e9c015b',NULL,'field','字段','private',1,0,0,'cn.gov.pbc.mdmp.resource.record.Field','metamodel','','SingleMDSelector','asc',NULL,NULL,NULL)
,('ff808081675e727401675ee9033f0819','ff808081675d182801675d672e9c015b',NULL,'recordFile','记录文件','private',1,0,0,'cn.gov.pbc.mdmp.resource.record.RecordFile','metamodel','','SingleMDSelector','asc',NULL,NULL,NULL)
,('ff808081675e727401675ee9e46c082b','ff808081675d182801675d6657520152',NULL,'recordDef','记录文件','private',1,0,0,'cn.gov.pbc.mdmp.resource.record.RecordDef','metamodel','','SingleMDSelector','asc',NULL,NULL,NULL)
,('ff808081675e727401675eedfa710877','ff808081675e727401675ee5fde007c1',NULL,'description','描述','private',1,0,0,NULL,'string','','text','asc',NULL,NULL,NULL)
,('ff808081675e727401675eee51a50888','ff808081675e727401675ee5fde007c1',NULL,'isEnable','存续状态','protected',1,0,0,NULL,'boolean','','text','asc',NULL,NULL,NULL)
,('ff808081675e727401675eee8b9f088c','ff808081675e727401675ee5fde007c1',NULL,'url','报表链接','private',1,0,0,NULL,'string','','text','asc',NULL,NULL,NULL)
,('ff808081675e727401675eeed0300891','ff808081675e727401675ee5fde007c1',NULL,'location','报表位置','private',1,0,0,NULL,'string','','text','asc',NULL,NULL,NULL)
,('ff808081675e727401675eef89fe08ad','ff808081675e727401675ee5fde007c1',NULL,'reportStatus','报表状态','private',1,0,0,NULL,'string','','text','asc',NULL,NULL,NULL)
,('ff808081675e727401675eefc9fd08b2','ff808081675e727401675ee5fde007c1',NULL,'reportTime','填报时间','private',1,0,0,NULL,'Date','','text','asc',NULL,NULL,NULL)
,('ff808081675e727401675eefe15e08b6','ff808081675e727401675ee5fde007c1',NULL,'reportDepartment','报送机构','protected',1,0,0,NULL,'string','','text','asc',NULL,NULL,NULL)
,('ff808081675e727401675ef099be08bf','ff808081675d182801675d8745b40201',NULL,'schema','schema','private',1,0,0,'cn.gov.pbc.mdmp.resource.relational.Schema','metamodel','','SingleMDSelector','asc',NULL,NULL,NULL)
,('ff808081675e727401675ef146d408d1','ff808081675d182801675d8797a50205',NULL,'catalog','catalog','private',1,0,0,'cn.gov.pbc.mdmp.resource.relational.Catalog','metamodel','','SingleMDSelector','asc',NULL,NULL,NULL)
,('ff808081675e727401675ef1ff5208ed','ff808081675e727401675ee5fde007c1',NULL,'reportPerson','填报人','private',1,0,0,NULL,'string','','text','asc',NULL,NULL,NULL)
;
INSERT INTO MDMP_CLS_ATTRIBUTE (CLS_ATTRIBUTE_ID,CLASS_ID,ORD,NAME,"ALIAS",VISIBILITY,CHANGEABILITY,DEPRECATED,MANDATORY,ATTR_CLASS,VALUE_TYPE,INIT_VALUE,EDITOR,"ORDERING",FORMAT,EQU_WEIGHT,UNEQU_WEIGHT) VALUES 
('ff808081675e727401675ef2219b08f1','ff808081675e727401675ee5fde007c1',NULL,'memo','备注','private',1,0,0,NULL,'string','','text','asc',NULL,NULL,NULL)
,('ff808081675e727401675ef437210934','ff808081675e727401675ef38f440919',NULL,'statisticsCaliber','技术统计口径','private',1,0,0,NULL,'string','','text','asc',NULL,NULL,NULL)
,('ff808081675e727401675ef43fa1093a','ff808081675d182801675d800a0201d6',NULL,'column','字段','private',1,0,0,'cn.gov.pbc.mdmp.resource.relational.Column','metamodel','','SingleMDSelector','asc',NULL,NULL,NULL)
,('ff808081675e727401675ef45bc90941','ff808081675e727401675ef38f440919',NULL,'unit','计量单位','private',1,0,0,NULL,'string','','text','asc',NULL,NULL,NULL)
,('ff808081675e727401675ef4ae67094d','ff808081675e727401675ef38f440919',NULL,'businessDefintion','业务定义','private',1,0,0,NULL,'string','','text','asc',NULL,NULL,NULL)
,('ff808081675e727401675ef556030959','ff808081675d182801675d7d533d01cd',NULL,'columnSet','字段集','private',1,0,0,'cn.gov.pbc.mdmp.resource.relational.CloumnSet','metamodel','','SingleMDSelector','asc',NULL,NULL,NULL)
,('ff808081675e727401675ef61d9b096b','ff808081675e727401675ea8ed9804c1',NULL,'hiveColumn','字段','private',1,0,0,'bigdata.hive.HiveColumn','metamodel','','SingleMDSelector','asc',NULL,NULL,NULL)
,('ff808081675e727401675f04890d09e1','ff808081675d182801675d8a746c0219',NULL,'functionParameter','函数参数','private',1,0,0,'cn.gov.pbc.mdmp.resource.relational.FunctionParameter','metamodel','','SingleMDSelector','asc',NULL,NULL,NULL)
,('ff808081675e727401675f05faad09eb','ff808081675d182801675d8a149c0215',NULL,'function','函数','private',1,0,0,'cn.gov.pbc.mdmp.resource.relational.Function','metamodel','','SingleMDSelector','asc',NULL,NULL,NULL)
,('ff808081675e727401675f087c3009fe','ff808081675d182801675d86814c01fd',NULL,'tablespace','表空间','private',1,0,0,NULL,'string','','text','asc',NULL,NULL,NULL)
,('ff808081675e727401675f0945010a08','ff808081675d182801675d820a8e01e8',NULL,'partition','表分区','private',1,0,0,'cn.gov.pbc.mdmp.resource.relational.Partition','metamodel','','SingleMDSelector','asc',NULL,NULL,NULL)
,('ff808081675e727401675f0e84b70a24','ff808081675d182801675d84f50201f5',NULL,'Table','表','private',1,0,0,'cn.gov.pbc.mdmp.resource.relational.Table','metamodel','','SingleMDSelector','asc',NULL,NULL,NULL)
,('ff808081675e727401675f0f56410a2d','ff808081675d182801675d820a8e01e8',NULL,'PrimaryKey','主键','private',1,0,0,'cn.gov.pbc.mdmp.resource.relational.PrimaryKey','metamodel','','SingleMDSelector','asc',NULL,NULL,NULL)
,('ff808081675e727401675f127f460a3f','ff808081675d182801675d8b035d021d',NULL,'procedureParameter','存储过程参数','private',1,0,0,'cn.gov.pbc.mdmp.resource.relational.ProcedureParameter','metamodel','','SingleMDSelector','asc',NULL,NULL,NULL)
,('ff808081675e727401675f134cf80a48','ff808081675d182801675d8bd0e40221',NULL,'Procedure','存储过程','private',1,0,0,'cn.gov.pbc.mdmp.resource.relational.Procedure','metamodel','','SingleMDSelector','asc',NULL,NULL,NULL)
,('ff808081675e727401675f151f9c0a59','ff808081675d182801675d8797a50205',NULL,'function','函数','private',1,0,0,'cn.gov.pbc.mdmp.resource.relational.Function','metamodel','','SingleMDSelector','asc',NULL,NULL,NULL)
,('ff808081675e727401675f15c8fe0a62','ff808081675d182801675d8797a50205',NULL,'columnSet','字段集','private',1,0,0,'cn.gov.pbc.mdmp.resource.relational.CloumnSet','metamodel','','SingleMDSelector','asc',NULL,NULL,NULL)
,('ff808081675e727401675f16d4b90a6d','ff808081675d182801675d800a0201d6',NULL,'schema','schema','private',1,0,0,'cn.gov.pbc.mdmp.resource.relational.Schema','metamodel','','SingleMDSelector','asc',NULL,NULL,NULL)
,('ff808081675e727401675f36447a0b6a','ff808081675d182801675d8797a50205',NULL,'table','表','private',1,0,0,'cn.gov.pbc.mdmp.resource.relational.Table','metamodel','','SingleMDSelector','asc',NULL,NULL,NULL)
,('ff808081675e727401675f39ad380b83','ff808081675d182801675d8b035d021d',NULL,'schema','schema','private',1,0,0,'cn.gov.pbc.mdmp.resource.relational.Schema','metamodel','','SingleMDSelector','asc',NULL,NULL,NULL)
,('ff808081675e727401675f1c256c0aa2','ff808081675d182801675d8797a50205',NULL,'synonyms','同义词','private',1,0,0,'cn.gov.pbc.mdmp.resource.relational.Synonyms','metamodel','','SingleMDSelector','asc',NULL,NULL,NULL)
,('ff808081675e727401675f3a54310b8e','ff808081675d182801675d8797a50205',NULL,'procedure','存储过程','private',1,0,0,'cn.gov.pbc.mdmp.resource.relational.Procedure','metamodel','','SingleMDSelector','asc',NULL,NULL,NULL)
,('ff808081675e727401675f2a70410b0a','ff808081675d182801675d83203e01ed',NULL,'synonymsColumn','同义词字段','private',1,0,0,'cn.gov.pbc.mdmp.resource.relational.SynonymsColumn','metamodel','','SingleMDSelector','asc',NULL,NULL,NULL)
,('ff808081675e727401675f2ae2f30b14','ff808081675d182801675d7c96d501c4',NULL,'synonyms','同义词','private',1,0,0,'cn.gov.pbc.mdmp.resource.relational.Synonyms','metamodel','','SingleMDSelector','asc',NULL,NULL,NULL)
,('ff808081675e727401675f306e6b0b2f','ff808081675d182801675d820a8e01e8',NULL,'uniqueConstraint','唯一约束','private',1,0,0,'cn.gov.pbc.mdmp.resource.relational.UniqueConstraint','metamodel','','SingleMDSelector','asc',NULL,NULL,NULL)
,('ff808081675e727401675f3277f00b47','ff808081675d182801675d85eb4b01f9',NULL,'table','表','private',1,0,0,'cn.gov.pbc.mdmp.resource.relational.Table','metamodel','','SingleMDSelector','asc',NULL,NULL,NULL)
,('ff808081675e72740167620a86a30c09','ff808081675e72740167620a18a10c01',NULL,'dimensionCode','维度编号','private',1,0,0,NULL,'string','','text','asc',NULL,NULL,NULL)
,('ff808081675d182801675ddfb464047e','ff808081675d182801675dcfae1403e4',NULL,'precedingStep','前续步骤','private',1,0,0,'cn.gov.pbc.mdmp.transformation.TransformationStep','metamodel','','SingleMDSelector','asc',NULL,NULL,NULL)
,('ff808081675e727401676216d5450ce6','ff808081675e72740167621653dd0cd0',NULL,'ipAddr','IP地址','private',1,0,0,NULL,'string','','text','asc',NULL,NULL,NULL)
,('ff808081675d182801675de26b5f048c','ff808081675d182801675dd2817503f1',NULL,'function','函数','private',1,0,0,'org.w3c.cwm.core.ProcedureExpression','metamodel','','SingleMDSelector','asc',NULL,NULL,NULL)
,('ff808081675e72740167621714120ced','ff808081675e72740167621653dd0cd0',NULL,'port','端口','private',1,0,0,NULL,'int','','text','asc',NULL,NULL,NULL)
,('ff808081675d182801675de5c614049d','ff808081675d182801675dd4614303fe',NULL,'succeedingStep','后续步骤','private',1,0,0,'cn.gov.pbc.mdmp.transformation.StepPrecedence','metamodel','','SingleMDSelector','asc',NULL,NULL,NULL)
,('ff808081675e72740167621d96c70d49','ff808081675d182801675dd1226b03e8',NULL,'featureMap','字段、属性级映射','private',1,0,0,'cn.gov.pbc.mdmp.transformation.FeatureMap','metamodel','','SingleMDSelector','asc',NULL,NULL,NULL)
,('ff808081675e72740167621ebc070d63','ff808081675d182801675dcd956b03db',NULL,'classifierMap','表、文件级映射','private',1,0,0,'cn.gov.pbc.mdmp.transformation.ClassifierMap','metamodel','','SingleMDSelector','asc',NULL,NULL,NULL)
,('ff808081675e7274016762218cff0d99','ff808081675d182801675dceb44703e0',NULL,'modelElement','模型元素','private',1,0,0,'cn.gov.pbc.mdmp.core.ModelElement','metamodel','','SingleMDSelector','asc',NULL,NULL,NULL)
,('ff808081675e727401676222aa880db4','ff80808167597b7f016759a2b6ce0076',NULL,'dataObjectSet','数据对象集','private',1,0,0,'cn.gov.pbc.mdmp.transformation.DataObjectSet','metamodel','','SingleMDSelector','asc',NULL,NULL,NULL)
,('ff808081675e727401676224fb230ded','ff808081675d182801675dccab3303d6',NULL,'transformationStep','转换步骤','private',1,0,0,'cn.gov.pbc.mdmp.transformation.TransformationStep','metamodel','','SingleMDSelector','asc',NULL,NULL,NULL)
,('ff808081675e727401676225a97c0df9','ff808081675d182801675dd4614303fe',NULL,'percedenceConstaint','优先约束','private',1,0,0,'cn.gov.pbc.mdmp.transformation.PrecedenceConstraint','metamodel','','SingleMDSelector','asc',NULL,NULL,NULL)
,('ff808081675e727401676228242e0e1d','ff808081675d182801675dcfae1403e4',NULL,'transformationStep','转换步骤','private',1,0,0,'cn.gov.pbc.mdmp.transformation.TransformationStep','metamodel','','SingleMDSelector','asc',NULL,NULL,NULL)
,('ff808081675e72740167622900350e2d','ff808081675d182801675dd4614303fe',NULL,'stepPrecedence','步取优先级','private',1,0,0,'cn.gov.pbc.mdmp.transformation.StepPrecedence','metamodel','','SingleMDSelector','asc',NULL,NULL,NULL)
,('ff808081675e72740167622ca54a0e70','ff808081675d182801675dd518aa0402',NULL,'transformationStep','转换步骤','private',1,0,0,'cn.gov.pbc.mdmp.transformation.TransformationStep','metamodel','','SingleMDSelector','asc',NULL,NULL,NULL)
,('ff808081675e72740167622d55a20e7d','ff808081675d182801675dd4614303fe',NULL,'transformationActivity','转换活动','private',1,0,0,'cn.gov.pbc.mdmp.transformation.TransformationActivity','metamodel','','SingleMDSelector','asc',NULL,NULL,NULL)
,('ff808081675e72740167623333100efa','ff808081675d182801675dd1ee4d03ed',NULL,'TransformationStep','转换步骤','private',1,0,0,'cn.gov.pbc.mdmp.transformation.TransformationStep','metamodel','','SingleMDSelector','asc',NULL,NULL,NULL)
,('ff808081675e727401676233d1bc0f14','ff808081675d182801675dd4614303fe',NULL,'transformationTask','转化任务','private',1,0,0,'cn.gov.pbc.mdmp.transformation.TransformationTask','metamodel','','SingleMDSelector','asc',NULL,NULL,NULL)
,('ff808081675e72740167623580000f4a','ff808081675d182801675dd1ee4d03ed',NULL,'transformationTask1','转换任务1','private',1,0,0,'cn.gov.pbc.mdmp.transformation.TransformationTask','metamodel','','SingleMDSelector','asc',NULL,NULL,NULL)
,('ff808081675e727401676236d9680f7b','ff808081675d182801675dd1ee4d03ed',NULL,'transformationTask2','转换任务2','private',1,0,0,'cn.gov.pbc.mdmp.transformation.TransformationTask','metamodel','','SingleMDSelector','asc',NULL,NULL,NULL)
,('ff808081675e727401676237fd2f0f93','ff808081675d182801675dd1ee4d03ed',NULL,'transformation','转换','private',1,0,0,'cn.gov.pbc.mdmp.transformation.Transformation','metamodel','','SingleMDSelector','asc',NULL,NULL,NULL)
,('ff808081675e72740167623872520f9c','ff808081675d182801675dd2817503f1',NULL,'transformationTask','转换任务','private',1,0,0,'cn.gov.pbc.mdmp.transformation.TransformationTask','metamodel','','SingleMDSelector','asc',NULL,NULL,NULL)
,('ff808081675e72740167623a6d110fb3','ff808081675d182801675dd5a1210406',NULL,'transformation','转换','private',1,0,0,'cn.gov.pbc.mdmp.transformation.Transformation','metamodel','','SingleMDSelector','asc',NULL,NULL,NULL)
,('ff808081675e72740167623aec590fbf','ff808081675d182801675dd2817503f1',NULL,'transformationUse1','转换用法1','private',1,0,0,'cn.gov.pbc.mdmp.transformation.TransformationUse','metamodel','','SingleMDSelector','asc',NULL,NULL,NULL)
,('ff808081675e72740167623c5f800fdc','ff808081675d182801675dd5a1210406',NULL,'operation','操作','private',1,0,0,'cn.gov.pbc.mdmp.behavioral.Operation','metamodel','','SingleMDSelector','asc',NULL,NULL,NULL)
,('ff808081675e72740167623d35bb1001','ff808081675d182801675d3d351400db',NULL,'transformationUse','转换用法','private',1,0,0,'cn.gov.pbc.mdmp.transformation.TransformationUse','metamodel','','SingleMDSelector','asc',NULL,NULL,NULL)
,('ff808081675e727401676247830a1086','ff808081675d182801675e63cf8d084c',NULL,'standardVersion','标准版本','private',1,0,0,NULL,'string','','text','asc',NULL,NULL,NULL)
,('ff808081675e72740167624802e81095','ff808081675d182801675e63cf8d084c',NULL,'standardStatus','标准状态','private',1,0,0,NULL,'string','','text','asc',NULL,NULL,NULL)
,('ff808081675e7274016762486acf10a4','ff808081675d182801675e63cf8d084c',NULL,'standardAuditor','标准审核人','private',1,0,0,NULL,'string','','text','asc',NULL,NULL,NULL)
,('ff808081675e727401676249023110b9','ff808081675d182801675e63cf8d084c',NULL,'standardAuditTime','标准审核时间','private',1,0,0,NULL,'Date','','text','asc',NULL,NULL,NULL)
,('ff808081675e727401676249c98110c7','ff808081675d182801675e63cf8d084c',NULL,'standardIssuer','标准发行人','private',1,0,0,NULL,'string','','text','asc',NULL,NULL,NULL)
,('ff808081675e72740167624a895f10cc','ff808081675d182801675e63cf8d084c',NULL,'standardIssueTime','标准发行时间','private',1,0,0,NULL,'Date','','text','asc',NULL,NULL,NULL)
,('ff808081675e72740167624b4bd710d2','ff808081675d182801675e63cf8d084c',NULL,'standardReleaseNotes','标准版本说明','private',1,0,0,NULL,'string','','text','asc',NULL,NULL,NULL)
,('ff808081675e72740167624b957d10dc','ff808081675d182801675e63cf8d084c',NULL,'description','描述','private',1,0,0,NULL,'string','','text','asc',NULL,NULL,NULL)
,('ff808081675e72740167624c0d1b10ec','ff808081675e727401675e785e390085',NULL,'description','描述','private',1,0,0,NULL,'string','','text','asc',NULL,NULL,NULL)
,('ff808081675e72740167624c7c561100','ff808081675e727401675e7920680095',NULL,'description','描述','private',1,0,0,NULL,'string','','text','asc',NULL,NULL,NULL)
,('ff808081675e72740167624d2d6d1113','ff808081675d182801675e64db43086f',NULL,'description','描述','private',1,0,0,NULL,'string','','text','asc',NULL,NULL,NULL)
,('ff808081675e72740167624db4391119','ff808081675e727401675e76b8e3005b',NULL,'description','描述','private',1,0,0,NULL,'string','','text','asc',NULL,NULL,NULL)
,('ff808081675e72740167624e2f86112e','ff808081675e727401675e7745a10061',NULL,'content','内容','private',1,0,0,NULL,'string','','text','asc',NULL,NULL,NULL)
,('ff808081675e72740167624f5de31141','ff808081675e727401675e77c168006e',NULL,'value','代码取值','private',1,0,0,NULL,'string','','text','asc',NULL,NULL,NULL)
,('ff808081675e72740167624faa9e1145','ff808081675e727401675e77c168006e',NULL,'meaning','代码含义','private',1,0,0,NULL,'string','','text','asc',NULL,NULL,NULL)
,('ff808081675e72740167625020161149','ff808081675d182801675e66a4690894',NULL,'description','描述','private',1,0,0,NULL,'string','','text','asc',NULL,NULL,NULL)
,('ff808081675e7274016762506b50114d','ff808081675d182801675e6e86720909',NULL,'description','描述','private',1,0,0,NULL,'string','','text','asc',NULL,NULL,NULL)
,('ff808081675e72740167625141131156','ff808081675d182801675e6ee0850912',NULL,'businessDefinition','业务定义','private',1,0,0,NULL,'string','','text','asc',NULL,NULL,NULL)
,('ff808081675e727401676251cd24115e','ff808081675d182801675e6ee0850912',NULL,'businessRule','业务规则','private',1,0,0,NULL,'string','','text','asc',NULL,NULL,NULL)
,('ff808081675e7274016762522b331167','ff808081675d182801675e45fb880662',NULL,'machin','','private',1,0,0,'system.Machin','metamodel','','SingleMDSelector','asc',NULL,NULL,NULL)
,('ff808081675e7274016762524579116a','ff808081675d182801675e6ee0850912',NULL,'businessScope','业务范围','private',1,0,0,NULL,'string','','text','asc',NULL,NULL,NULL)
,('ff808081675e7274016762533a691176','ff808081675d182801675e6ee0850912',NULL,'indicatorDataStandard','相关指标数据标准','private',1,0,0,NULL,'string','','text','asc',NULL,NULL,NULL)
,('ff808081675e727401676253a843117f','ff808081675d182801675e46da71066f',NULL,'component','模块','private',1,0,0,'system.Component','metamodel','','SingleMDSelector','asc',NULL,NULL,NULL)
,('ff808081675e727401676253b4181182','ff808081675d182801675e6ee0850912',NULL,'dimension','维度信息','private',1,0,0,'business.Dimension','list-metamodel','','MultiMDSelector','asc',NULL,NULL,NULL)
,('ff808081675e7274016762543f7b1188','ff808081675d182801675e6ee0850912',NULL,'formula','计算公式','private',1,0,0,NULL,'string','','text','asc',NULL,NULL,NULL)
,('ff808081675e72740167625552c6119d','ff808081675d182801675e6ee0850912',NULL,'count','统计频率','private',1,0,0,NULL,'string','','text','asc',NULL,NULL,NULL)
,('ff808081675e727401676255b75b11a1','ff808081675d182801675e6ee0850912',NULL,'unit','指标单位','private',1,0,0,NULL,'string','','text','asc',NULL,NULL,NULL)
,('ff808081675e7274016762563b0011a5','ff808081675d182801675e6ee0850912',NULL,'dataType','数据类别','private',1,0,0,NULL,'string','','text','asc',NULL,NULL,NULL)
,('ff808081675e727401676261e21c1274','ff808081675d182801675e6ee0850912',NULL,'format','数据格式','private',1,0,0,NULL,'string','','text','asc',NULL,NULL,NULL)
,('ff808081675e727401676261ea261277','ff808081675d182801675e63ba1a0848',NULL,'machin','主机','private',1,0,0,'system.Machin','metamodel','','SingleMDSelector','asc',NULL,NULL,NULL)
,('ff808081675e727401676262530c1280','ff808081675d182801675e6ee0850912',NULL,'range','取值范围','private',1,0,0,NULL,'string','','text','asc',NULL,NULL,NULL)
,('ff808081675e7274016762625ee51284','ff808081675d182801675e46da71066f',NULL,'receiver','接收者','private',1,0,0,'mq.Receiver','metamodel','','SingleMDSelector','asc',NULL,NULL,NULL)
,('ff808081675e72740167626335b91288','ff808081675d182801675e6ee0850912',NULL,'standardSource','标准来源','private',1,0,0,NULL,'string','','text','asc',NULL,NULL,NULL)
,('ff808081675e727401676263acd3128d','ff808081675d182801675e6ee0850912',NULL,'indicatorType','指标类型','private',1,0,0,NULL,'string','','text','asc',NULL,NULL,NULL)
,('ff808081675e727401676266658b12ac','ff808081675d182801675e64ab7f0864',NULL,'machin','主机','private',1,0,0,'system.Machin','metamodel','','SingleMDSelector','asc',NULL,NULL,NULL)
,('ff808081675e727401676266cd1d12bc','ff808081675d182801675e46da71066f',NULL,'sender','发送者','private',1,0,0,'mq.Sender','metamodel','','SingleMDSelector','asc',NULL,NULL,NULL)
,('ff808081675e727401676266e57112bf','ff808081675d182801675e6ee0850912',NULL,'isCore','是否核心指标','private',1,0,0,NULL,'boolean','','text','asc',NULL,NULL,NULL)
,('ff808081675e7274016762674a9b12c9','ff808081675d182801675e6ee0850912',NULL,'user','使用者','private',1,0,0,NULL,'string','','text','asc',NULL,NULL,NULL)
,('ff808081675e727401676267e20812de','ff808081675d182801675e6ae0c408c2',NULL,'machin','主机','private',1,0,0,'system.Machin','metamodel','','SingleMDSelector','asc',NULL,NULL,NULL)
,('ff808081675e727401676268151f12e8','ff808081675d182801675e6ee0850912',NULL,'gmtAvail','生效日期','private',1,0,0,NULL,'Date','','text','asc',NULL,NULL,NULL)
,('ff808081675e727401676268385c12f1','ff808081675d182801675e46da71066f',NULL,'mqServer','消息队列服务器','private',1,0,0,'mq.MqServer','metamodel','','SingleMDSelector','asc',NULL,NULL,NULL)
,('ff808081675e72740167626881c012f9','ff808081675d182801675e6ee0850912',NULL,'gmtDead','失效日期','private',1,0,0,NULL,'Date','','text','asc',NULL,NULL,NULL)
,('ff808081675e727401676268be871304','ff808081675d182801675e6ee0850912',NULL,'memo','备注','private',1,0,0,NULL,'string','','text','asc',NULL,NULL,NULL)
,('ff808081693865c001693d3eccb95a6e','ff808081675e727401675ee5fde007c1',NULL,'statisticalFrequency','频度','protected',1,0,0,NULL,'string','','text','asc',NULL,NULL,NULL)
,('ff808081675e72740167626a145a1330','ff808081675d182801675e6ee0850912',NULL,'commonStatisticsRules','常用统计规则','private',1,0,0,'business.CommonStatisticsRule','list-metamodel','','MultiMDSelector','asc',NULL,NULL,NULL)
,('ff808081675e72740167626e8bfc13cf','ff808081675d182801675e67bbd508a1',NULL,'description','描述','private',1,0,0,NULL,'string','','text','asc',NULL,NULL,NULL)
,('ff808081675e72740167626f3eec13e9','ff808081675d182801675e6d7b0a08fb',NULL,'sourceDepartment','来源部门','private',1,0,0,NULL,'string','','text','asc',NULL,NULL,NULL)
,('ff808081675e72740167626f8e1513f7','ff808081675d182801675e6d7b0a08fb',NULL,'defintion','维度定义','private',1,0,0,NULL,'string','','text','asc',NULL,NULL,NULL)
;
INSERT INTO MDMP_CLS_ATTRIBUTE (CLS_ATTRIBUTE_ID,CLASS_ID,ORD,NAME,"ALIAS",VISIBILITY,CHANGEABILITY,DEPRECATED,MANDATORY,ATTR_CLASS,VALUE_TYPE,INIT_VALUE,EDITOR,"ORDERING",FORMAT,EQU_WEIGHT,UNEQU_WEIGHT) VALUES 
('ff808081675e72740167626ff0f713fb','ff808081675d182801675e6d7b0a08fb',NULL,'businessRule','业务规则','private',1,0,0,NULL,'string','','text','asc',NULL,NULL,NULL)
,('ff808081693865c001693d4523d45a7b','ff808081693865c001693d426ebd5a76',NULL,'businessClass','业务类','private',1,0,0,NULL,'string','','text','asc',NULL,NULL,NULL)
,('ff808081675e727401676272c18d1412','ff808081675e727401675ede56b60721',NULL,'entityRelation','实体关联关系','private',1,0,0,'datamodel.EntityRelation','metamodel','','SingleMDSelector','asc',NULL,NULL,NULL)
,('ff808081675e72740167627306dd141b','ff808081675e727401675edf60fa0736',NULL,'businessEntity','业务实体','private',1,0,0,'datamodel.BusinessEntity','metamodel','','SingleMDSelector','asc',NULL,NULL,NULL)
,('ff808081675e72740167627345741425','ff808081675d182801675e6d7b0a08fb',NULL,'commonCodeClassfication','公共代码类型','private',1,0,0,'business.CommonCodeClassfication','metamodel','','MultiMDSelector','asc',NULL,NULL,NULL)
,('ff808081675e727401676273e8571430','ff808081675d182801675e69539f08ab',NULL,'description','描述','private',1,0,0,NULL,'string','','text','asc',NULL,NULL,NULL)
,('ff808081675e727401676274206d1439','ff808081675e727401675ede56b60721',NULL,'primaryKey','主键','private',1,0,0,'datamodel.BusinessPrimaryKey','metamodel','','SingleMDSelector','asc',NULL,NULL,NULL)
,('ff808081675e7274016762745880143c','ff808081675d182801675e6c232508ce',NULL,'ruleType','规则分类','private',1,0,0,NULL,'string','','text','asc',NULL,NULL,NULL)
,('ff808081675e7274016762749bb81447','ff808081675e727401675ee384d90785',NULL,'businessEntity','业务实体','private',1,0,0,'datamodel.BusinessEntity','metamodel','','SingleMDSelector','asc',NULL,NULL,NULL)
,('ff808081675e727401676274ab77144b','ff808081675d182801675e6c232508ce',NULL,'description','规则描述','private',1,0,0,NULL,'string','','text','asc',NULL,NULL,NULL)
,('ff808081675e72740167627510751456','ff808081675d182801675e6c232508ce',NULL,'scope','适用范围','private',1,0,0,NULL,'string','','text','asc',NULL,NULL,NULL)
,('ff808081675e7274016762756170145a','ff808081675d182801675e6c232508ce',NULL,'source','来源','private',1,0,0,NULL,'string','','text','asc',NULL,NULL,NULL)
,('ff808081675e7274016762760200145f','ff808081675d182801675e6b520108c6',NULL,'formula','计算公式','private',1,0,0,NULL,'string','','text','asc',NULL,NULL,NULL)
,('ff808081675e727401676277eae61475','ff808081675e727401675ede56b60721',NULL,'businessAttribute','业务属性','private',1,0,0,'datamodel.BusinessAttribute','metamodel','','SingleMDSelector','asc',NULL,NULL,NULL)
,('ff808081675e727401676279eb121495','ff808081675e727401675ee241f3075e',NULL,'businessEntity','业务实体','private',1,0,0,'datamodel.BusinessEntity','metamodel','','SingleMDSelector','asc',NULL,NULL,NULL)
,('ff808081675e727401676279ffc01499','ff808081675d182801675e6b520108c6',NULL,'statisticalFrequency','统计频度','private',1,0,0,NULL,'string','','text','asc',NULL,NULL,NULL)
,('ff808081675e72740167627a4d3014a7','ff808081675d182801675e6b520108c6',NULL,'indicatorUnit','指标单位','private',1,0,0,NULL,'string','','text','asc',NULL,NULL,NULL)
,('ff808081675e72740167627b1b2514b1','ff808081675d182801675e6b520108c6',NULL,'dataType','数据类型','private',1,0,0,NULL,'string','','text','asc',NULL,NULL,NULL)
,('ff808081675e72740167627b569714b5','ff808081675d182801675e6b520108c6',NULL,'format','数据格式','private',1,0,0,NULL,'string','','text','asc',NULL,NULL,NULL)
,('ff808081675e72740167627bb08814b9','ff808081675d182801675e6b520108c6',NULL,'precision','数据精度','private',1,0,0,NULL,'int','','text','asc',NULL,NULL,NULL)
,('ff808081675e72740167627c0c2914bd','ff808081675d182801675e6b520108c6',NULL,'source','数据来源','private',1,0,0,NULL,'string','','text','asc',NULL,NULL,NULL)
,('ff808081675e72740167627dd83614d4','ff808081675d182801675e6f4aa40916',NULL,'commonCodeClassfication','公共代码类型','private',1,0,0,'business.CommonCodeClassfication','metamodel','','SingleMDSelector','asc',NULL,NULL,NULL)
,('ff808081675e72740167627e760d14e3','ff808081675e727401675e75fca60056',NULL,'business','业务','private',1,0,0,'business.Business','metamodel','','SingleMDSelector','asc',NULL,NULL,NULL)
,('ff808081675e72740167627f1efc14f7','ff808081675e727401675e8332220234',NULL,'hdfsFile','文件','private',1,0,0,'bigdata.hdfs.HdfsFile','metamodel','','SingleMDSelector','asc',NULL,NULL,NULL)
,('ff808081675e7274016762811b531506','ff808081675e727401675e75fca60056',NULL,'commonCode','公共代码','private',1,0,0,NULL,'metamodel','','text','asc',NULL,NULL,NULL)
,('ff808081675e727401676281a474150f','ff808081675e727401675e77c168006e',NULL,'commonCodeClassfication','公共代码类型','private',1,0,0,NULL,'metamodel','','text','asc',NULL,NULL,NULL)
,('ff808081693865c001693d45d1995a7f','ff808081693865c001693d426ebd5a76',NULL,'dataAttribute','数据属性','private',1,0,0,NULL,'string','','text','asc',NULL,NULL,NULL)
,('ff808081675e7274016762880aa415b9','ff808081675e727401675e96017d0373',NULL,'ruleClassification','规则分类','private',1,0,0,'quality.RuleClassification','metamodel','','SingleMDSelector','asc',NULL,NULL,NULL)
,('ff808081675e72740167628829ca15c1','ff808081675d182801675e6b520108c6',NULL,'Indicator','指标','private',1,0,0,'business.Indicator','metamodel','','SingleMDSelector','asc',NULL,NULL,NULL)
,('ff808081675e727401676288789b15cc','ff808081675e727401675e97c515037c',NULL,'dataQualityRoot','数据质量根目录','private',1,0,0,'quality.DataQualityRoot','metamodel','','SingleMDSelector','asc',NULL,NULL,NULL)
,('ff808081675e72740167628a556415fc','ff808081675e727401675e9c5c6f03f0',NULL,'ruleClassification','规则分类','private',1,0,0,'quality.RuleClassification','metamodel','','SingleMDSelector','asc',NULL,NULL,NULL)
,('ff808081675e72740167628aa3d91606','ff808081675e727401675e97c515037c',NULL,'qualityRule','质量规则','private',1,0,0,'quality.QualityRule','metamodel','','SingleMDSelector','asc',NULL,NULL,NULL)
,('ff808081675e72740167628b6f3e1624','ff808081675d182801675e6c232508ce',NULL,'indicator','指标','private',1,0,0,'business.Indicator','metamodel','','SingleMDSelector','asc',NULL,NULL,NULL)
,('ff808081675e72740167628b91fe1629','ff808081675e727401675e97c515037c',NULL,'ruleClassification1','规则分类1','private',1,0,0,'quality.RuleClassification','metamodel','','SingleMDSelector','asc',NULL,NULL,NULL)
,('ff808081675e72740167628bf48c163b','ff808081675e727401675e97c515037c',NULL,'ruleClassification2','规则分类2','private',1,0,0,'quality.RuleClassification','metamodel','','SingleMDSelector','asc',NULL,NULL,NULL)
,('ff808081675e72740167628d4e4d1671','ff808081675d182801675e6d7b0a08fb',NULL,'indicator','指标','private',1,0,0,NULL,'metamodel','','text','asc',NULL,NULL,NULL)
,('ff808081693865c001693d47ba2b5a83','ff808081693865c001693d426ebd5a76',NULL,'startTime','启用时间','private',1,0,0,NULL,'Date','','text','asc',NULL,NULL,NULL)
,('ff808081675e72740167628f9ab516b0','ff808081675e727401675e75fca60056',NULL,'dimension','维度','private',1,0,0,'business.Dimension','metamodel','','SingleMDSelector','asc',NULL,NULL,NULL)
,('ff808081675e7274016762a04da016ec','ff808081675d182801675e448223063f',NULL,'eTLTask1','eTL任务1','private',1,0,0,'etl.ETLTask','metamodel','','SingleMDSelector','asc',NULL,NULL,NULL)
,('ff808081675e7274016762a0ff3116f5','ff808081675d182801675e448223063f',NULL,'eTLTask2','eTL任务2','private',1,0,0,'etl.ETLTask','metamodel','','SingleMDSelector','asc',NULL,NULL,NULL)
,('ff80808168549f12016859bdc0330516','ff80808167597b7f016759a2b6ce0076',NULL,'code','编号','private',1,0,0,NULL,'string','','text','asc',NULL,NULL,NULL)
,('ff808081675e7274016762a730d81736','ff808081675d182801675e2a9181055a',NULL,'PersisAttribute','持久化字段、属性','private',1,0,0,'etl.PersisAttribute','metamodel','','SingleMDSelector','asc',NULL,NULL,NULL)
,('ff808081675e7274016762a971b71757','ff808081675d182801675e428b3b061e',NULL,'persisClass','持久化类、文件','private',1,0,0,'etl.PersisClass','metamodel','','SingleMDSelector','asc',NULL,NULL,NULL)
,('ff808081675e7274016762ab43141771','ff808081675d182801675e4352650626',NULL,'nonPersisClass','非持久化类、文件','private',1,0,0,'etl.NonPersisClass','metamodel','','SingleMDSelector','asc',NULL,NULL,NULL)
,('ff808081675e7274016762acef0c1797','ff808081675d182801675e331206057f',NULL,'NonPersisAttribute','非持久化字段、属性','private',1,0,0,'etl.NonPersisAttribute','metamodel','','SingleMDSelector','asc',NULL,NULL,NULL)
,('ff808081675e72740167634d44f4186f','ff808081675d182801675d3d351400db',NULL,'parameter','参数','private',1,0,0,'cn.gov.pbc.mdmp.behavioral.Parameter','metamodel','','SingleMDSelector','asc',NULL,NULL,NULL)
,('ff808081675e72740167634e293e187a','ff808081675d182801675d3c9bc700d2',NULL,'operation','操作','private',1,0,0,'cn.gov.pbc.mdmp.behavioral.Operation','metamodel','','SingleMDSelector','asc',NULL,NULL,NULL)
,('ff8080816763dc7801677183df9b0157','ff808081675d182801675d220b76003d',NULL,'defaultName','缺省英文名','private',1,0,0,NULL,'string','','text','asc',NULL,NULL,NULL)
,('ff8080816763dc780167718413e0015b','ff808081675d182801675d220b76003d',NULL,'defaultCnName','缺省中文名','private',1,0,0,NULL,'string','','text','asc',NULL,NULL,NULL)
,('ff8080816763dc78016771843d27015f','ff808081675d182801675d220b76003d',NULL,'defaultAlias','缺省别名','private',1,0,0,NULL,'string','','text','asc',NULL,NULL,NULL)
,('ff8080816763dc780167720f100601cb','ff808081675d182801675d820a8e01e8',NULL,'foreignKey','外键','private',1,0,0,'cn.gov.pbc.mdmp.resource.relational.ForeignKey','metamodel','','SingleMDSelector','asc',NULL,NULL,NULL)
,('ff8080816763dc780167720ff4a901d7','ff808081675d182801675d84485801f1',NULL,'table','表','private',1,0,0,'cn.gov.pbc.mdmp.resource.relational.Table','metamodel','','SingleMDSelector','asc',NULL,NULL,NULL)
,('ff8080816763dc7801677216ad7c020b','ff808081675d182801675d820a8e01e8',NULL,'trigger','','private',1,0,0,'cn.gov.pbc.mdmp.resource.relational.Tigger','metamodel','','SingleMDSelector','asc',NULL,NULL,NULL)
,('ff8080816763dc78016772173df00215','ff808081675d182801675d8810080209',NULL,'table','','private',1,0,0,'cn.gov.pbc.mdmp.resource.relational.Table','metamodel','','SingleMDSelector','asc',NULL,NULL,NULL)
,('ff8080816763dc78016772f380c202e0','ff808081675d182801675df0020d04e4',NULL,'dataStructure','数据结构','private',1,0,0,NULL,'string','','text','asc',NULL,NULL,NULL)
,('ff8080816763dc78016772f3a7ff02e4','ff808081675d182801675df0020d04e4',NULL,'structure','结构定义','private',1,0,0,NULL,'string','','text','asc',NULL,NULL,NULL)
,('ff8080816763dc78016772f56d1a02e9','ff808081675d182801675deddece04d4',NULL,'databaseType','库类型','private',1,0,0,NULL,'string','','text','asc',NULL,NULL,NULL)
,('ff808081693865c001693d48aed45a87','ff808081693865c001693d426ebd5a76',NULL,'endTime','终止时间','private',1,0,0,NULL,'Date','','text','asc',NULL,NULL,NULL)
,('ff808081693865c001693d4aaa605a8b','ff808081693865c001693d426ebd5a76',NULL,'falliblePoint','易错点','private',1,0,0,NULL,'string','','text','asc',NULL,NULL,NULL)
,('ff8080816837062801684a5a74a701b0','ff808081675e727401675ef906d409ab',NULL,'livingStatus','存续状态','private',1,0,0,NULL,'string','','text','asc',NULL,NULL,NULL)
,('ff8080816837062801684a5b35da01b6','ff808081675e727401675ef906d409ab',NULL,'institutionOriginal','制度原文','private',1,0,0,NULL,'string','','text','asc',NULL,NULL,NULL)
,('ff8080816837062801684a5b8da201ba','ff808081675e727401675ef906d409ab',NULL,'explain','指标释义','private',1,0,0,NULL,'string','','text','asc',NULL,NULL,NULL)
,('ff8080816837062801684a5c20b301c0','ff808081675e727401675ef906d409ab',NULL,'formerName','曾用名称','private',1,0,0,NULL,'string','','text','asc',NULL,NULL,NULL)
,('ff8080816837062801684a5c525901c4','ff808081675e727401675ef906d409ab',NULL,'currencyType','币种','private',1,0,0,NULL,'string','','text','asc',NULL,NULL,NULL)
,('ff8080816837062801684a5c995a01c8','ff808081675e727401675ef906d409ab',NULL,'dataNature','数据属性','private',1,0,0,NULL,'string','','text','asc',NULL,NULL,NULL)
,('ff8080816837062801684a5cf56001cc','ff808081675e727401675ef906d409ab',NULL,'startTime','启用时间','private',1,0,0,NULL,'Date','','text','asc',NULL,NULL,NULL)
,('ff8080816837062801684a5d504c01d0','ff808081675e727401675ef906d409ab',NULL,'endTime','终止时间','private',1,0,0,NULL,'Date','','text','asc',NULL,NULL,NULL)
,('ff8080816837062801684a5d9efb01d4','ff808081675e727401675ef906d409ab',NULL,'recentChanges','最近修订情况','private',1,0,0,NULL,'string','','text','asc',NULL,NULL,NULL)
,('ff8080816837062801684a5df10d01d8','ff808081675e727401675ef906d409ab',NULL,'recentChanges','修订情况','private',1,0,0,NULL,'string','','text','asc',NULL,NULL,NULL)
,('ff808081693865c001693d4b6dcf5a8f','ff808081693865c001693d426ebd5a76',NULL,'indicatorCodeRange','指标编码范围','private',1,0,0,NULL,'string','','text','asc',NULL,NULL,NULL)
,('ff808081693865c001693d61cb5c5ad3','ff808081675e727401675ef906d409ab',NULL,'checkRelationship','校验关系','private',1,0,0,NULL,'string','','text','asc',NULL,NULL,NULL)
,('ff80808168504da6016850a67914020c','ff808081675e727401675ef906d409ab',NULL,'otherIndicator','相关指标','private',1,0,0,'report.KeyIndicator','list-metamodel','','MultiMDSelector','asc',NULL,NULL,NULL)
,('ff80808168504da6016850aa98c30255','ff808081675e727401675ef906d409ab',NULL,'referenceFile','引用标准及文件','private',1,0,0,'resources.File','list-metamodel','','MultiMDSelector','asc',NULL,NULL,NULL)
,('ff80808168504da6016850ab03fb0264','ff808081675e727401675ef906d409ab',NULL,'referenceFile','引用标准或其他文件','private',1,0,0,'resources.File','list-metamodel','','MultiMDSelector','asc',NULL,NULL,NULL)
,('ff808081693865c001693d4d03465a98','ff808081693865c001693d426ebd5a76',NULL,'institutionFile','制度文件','private',1,0,0,NULL,'list-file','','SingleUploadFile','asc',NULL,NULL,NULL)
,('ff808081693865c001693d4da5085a9d','ff808081693865c001693d426ebd5a76',NULL,'revision','修订情况','private',1,0,0,NULL,'string','','text','asc',NULL,NULL,NULL)
,('ff808081675e727401675ee052090745','ff808081675e727401675edf60fa0736',NULL,'leftEntityCode','实体一编号','private',1,0,0,'datamodel.BusinessEntity','metamodel','','SingleMDSelector','asc',NULL,NULL,NULL)
,('ff808081675e727401675ef6fbba0987','ff808081675e727401675ea899a104bd',NULL,'hiveTable','','private',1,0,0,'bigdata.hive.HiveTable','metamodel','','SingleMDSelector','asc',NULL,NULL,NULL)
,('ff80808168549f12016859bde7be051a','ff80808167597b7f016759a2b6ce0076',NULL,'name','英文名','private',1,0,0,NULL,'string','','text','asc',NULL,NULL,NULL)
,('ff80808168549f12016859be8601051e','ff80808167597b7f016759a2b6ce0076',NULL,'cnName','中文名','private',1,0,0,NULL,'string','','text','asc',NULL,NULL,NULL)
,('ff80808168549f12016859beac0f0522','ff80808167597b7f016759a2b6ce0076',NULL,'alias','别名','private',1,0,0,NULL,'string','','text','asc',NULL,NULL,NULL)
,('ff80808168549f12016859bf3ca40526','ff80808167597b7f016759a2b6ce0076',NULL,'metaVersion','版本号','private',1,0,0,NULL,'string','','text','asc',NULL,NULL,NULL)
,('ff80808168549f12016859bf6672052a','ff80808167597b7f016759a2b6ce0076',NULL,'phase','所在阶段(保留)','private',1,0,0,NULL,'string','','text','asc',NULL,NULL,NULL)
,('ff80808168549f12016859bf9312052e','ff80808167597b7f016759a2b6ce0076',NULL,'issueVersion','发行版本号','private',1,0,0,NULL,'string','','text','asc',NULL,NULL,NULL)
,('ff80808168549f12016859bfcc410532','ff80808167597b7f016759a2b6ce0076',NULL,'locked','是否锁定','private',1,0,0,NULL,'boolean','','text','asc',NULL,NULL,NULL)
,('ff80808168549f12016859c00d3f0536','ff80808167597b7f016759a2b6ce0076',NULL,'enabled','是否启用','private',1,0,0,NULL,'boolean','','text','asc',NULL,NULL,NULL)
,('ff808081675d182801675de722b204a1','ff808081675d182801675dd1ee4d03ed',NULL,'originTask','原任务','private',1,0,0,'cn.gov.pbc.mdmp.transformation.TransformationTask','metamodel','','SingleMDSelector','asc',NULL,NULL,NULL)
,('ff808081675e727401675f35b3a10b5e','ff808081675d182801675d820a8e01e8',NULL,'schema','scnema','private',1,0,0,'cn.gov.pbc.mdmp.resource.relational.Schema','metamodel','','SingleMDSelector','asc',NULL,NULL,NULL)
,('ff8080816859c45201685adebab101de','ff808081675d182801675d86814c01fd',NULL,'position','位置','private',1,0,0,NULL,'int','','text','asc',NULL,NULL,NULL)
,('ff808081675e727401675f1758060a76','ff808081675d182801675d8a746c0219',NULL,'schema','schema','private',1,0,0,'cn.gov.pbc.mdmp.resource.relational.Schema','metamodel','','SingleMDSelector','asc',NULL,NULL,NULL)
,('ff808081675e727401675f1f97c90abf','ff808081675d182801675d83203e01ed',NULL,'schema','schema','private',1,0,0,'cn.gov.pbc.mdmp.resource.relational.Schema','metamodel','','SingleMDSelector','asc',NULL,NULL,NULL)
,('ff8080816859c45201685af54db10253','ff808081675d182801675d85eb4b01f9',NULL,'column','','private',1,0,0,'cn.gov.pbc.mdmp.resource.relational.Column','metamodel','','SingleMDSelector','asc',NULL,NULL,NULL)
,('ff808081693865c001693d4e59ef5aa1','ff808081693865c001693d426ebd5a76',NULL,'revisionContents','历年修订内容','private',1,0,0,NULL,'string','','text','asc',NULL,NULL,NULL)
,('ff808081693865c001693d4f92155aa5','ff808081693865c001693d426ebd5a76',NULL,'submissionScope','报送范围','private',1,0,0,NULL,'string','','text','asc',NULL,NULL,NULL)
,('ff808081675d182801675d35b86000b4','ff808081675d182801675d2f09420090',NULL,'systemCode','系统代码','protected',1,0,0,NULL,'string','','text','asc',NULL,NULL,NULL)
,('ff8080816a58d6f9016a685d1e1801f6','ff8080816a58d6f9016a6850e6c201bf',NULL,'zyzbbmfw','主要指标编码范围','private',1,0,0,NULL,'string','','text','asc','',NULL,NULL)
;



--多重性
INSERT INTO MDMP_MULTIPLICITY (MULTIPLICITY_ID,CLS_ATTRIBUTE_ID,LOWER,UPPER,CLS_RELATION_ID) VALUES 
('ff808081675e727401675ebe08c605cc','ff808081675e727401675eb5489e0562','0','1','ff808081675e727401675ebe08c505cb')
,('ff808081675e727401675ebe08c705ce','ff808081675e727401675eb605af056b','0','*','ff808081675e727401675ebe08c705cd')
,('ff808081675e727401675ebf68df05d4','ff808081675e727401675ebb5fa305ae','0','1','ff808081675e727401675ebf68de05d3')
,('ff808081675e727401675ebf68e005d6','ff808081675e727401675eb9cce7059c','0','*','ff808081675e727401675ebf68e005d5')
,('ff808081675e727401675ec090f005e7','ff808081675e727401675ebc262305b8','0','*','ff808081675e727401675ec090f005e6')
,('ff808081675e727401675ec090f205e9','ff808081675e727401675eb8d1ed0588','0','*','ff808081675e727401675ec090f105e8')
,('ff808081675e727401675ec128c405f6','ff808081675e727401675ebcb5c905c2','0','1','ff808081675e727401675ec128c405f5')
,('ff808081675e727401675ec128c605f8','ff808081675e727401675eba5d9805a5','0','*','ff808081675e727401675ec128c605f7')
,('ff808081675e727401675ee803f707ff','ff808081675e727401675ee7195607ee','0','1','ff808081675e727401675ee803f707fe')
,('ff808081675e727401675efc8d0009d7','ff808081675e727401675ee9033f0819','0','*','ff808081675e727401675efc8d0009d6')
,('ff808081675e727401675eead8cd083c','ff808081675e727401675ee9e46c082b','0','1','ff808081675e727401675eead8cd083b')
,('ff808081675e727401675f06f5c409f1','ff808081675e727401675f04890d09e1','0','1','ff808081675e727401675f06f5c309f0')
,('ff808081675e727401675ef1f03a08e8','ff808081675e727401675ef099be08bf','0','1','ff808081675e727401675ef1f03a08e7')
,('ff808081675e727401675efc37d809d2','ff808081675e727401675ee67f7007d9','0','*','ff808081675e727401675efc37d809d1')
,('ff8080816763dc78016772049fad01bd','ff808081675e727401675ef43fa1093a','0','1','ff8080816763dc78016772049fad01bc')
,('ff808081675e727401675efb584309cd','ff808081675e727401675ef146d408d1','0','1','ff808081675e727401675efb584309cc')
,('ff808081675e727401675ef8573209a0','ff808081675e727401675ef61d9b096b','0','1','ff808081675e727401675ef85732099f')
,('ff808081675e727401675ef8573309a2','ff808081675e727401675ef6fbba0987','0','*','ff808081675e727401675ef8573309a1')
,('ff8080816763dc78016772049faf01bf','ff808081675e727401675ef556030959','0','*','ff8080816763dc78016772049faf01be')
,('ff808081675e727401675f06f5c509f3','ff808081675e727401675f05faad09eb','0','*','ff808081675e727401675f06f5c509f2')
,('ff808081675e727401675f0bb42f0a0e','ff808081675e727401675f0945010a08','0','1','ff808081675e727401675f0bb42f0a0d')
,('ff808081675e727401675f0bb4300a10','ff808081675e727401675f087c3009fe','0','*','ff808081675e727401675f0bb4300a0f')
,('ff808081675e727401675f1027530a33','ff808081675e727401675f0f56410a2d','0','1','ff808081675e727401675f1027530a32')
,('ff808081675e727401675f1027550a35','ff808081675e727401675f0e84b70a24','0','*','ff808081675e727401675f1027540a34')
,('ff808081675e727401675f1434210a4e','ff808081675e727401675f127f460a3f','0','1','ff808081675e727401675f1434210a4d')
,('ff808081675e727401675f1434230a50','ff808081675e727401675f134cf80a48','0','*','ff808081675e727401675f1434220a4f')
,('ff808081675e727401675f17fc4a0a7c','ff808081675e727401675f15c8fe0a62','0','1','ff808081675e727401675f17fc4a0a7b')
,('ff808081675e727401675f17fc4b0a7e','ff808081675e727401675f16d4b90a6d','0','*','ff808081675e727401675f17fc4b0a7d')
,('ff808081675e727401675f18b5420a84','ff808081675e727401675f151f9c0a59','0','1','ff808081675e727401675f18b5420a83')
,('ff808081675e727401675f18b5440a86','ff808081675e727401675f1758060a76','0','*','ff808081675e727401675f18b5440a85')
,('ff8080816763dc7801677213b06301f1','ff808081675e727401675f36447a0b6a','0','1','ff8080816763dc7801677213b06301f0')
,('ff8080816763dc7801677213b06401f3','ff808081675e727401675f35b3a10b5e','0','*','ff8080816763dc7801677213b06401f2')
,('ff8080816763dc7801677221adae0233','ff808081675e727401675f1c256c0aa2','0','1','ff8080816763dc7801677221adae0232')
,('ff8080816763dc7801677221adb00235','ff808081675e727401675f1f97c90abf','0','*','ff8080816763dc7801677221adb00234')
,('ff808081675e727401675f2ba60c0b1a','ff808081675e727401675f2a70410b0a','0','1','ff808081675e727401675f2ba60c0b19')
,('ff808081675e727401675f2ba60d0b1c','ff808081675e727401675f2ae2f30b14','0','*','ff808081675e727401675f2ba60d0b1b')
,('ff808081675e727401675f33808d0b4d','ff808081675e727401675f306e6b0b2f','0','1','ff808081675e727401675f33808d0b4c')
,('ff808081675e727401675f33808e0b4f','ff808081675e727401675f3277f00b47','0','*','ff808081675e727401675f33808e0b4e')
,('ff8080816763dc7801677220760b0226','ff808081675e727401675f3a54310b8e','0','1','ff8080816763dc7801677220760b0225')
,('ff8080816763dc7801677220760d0228','ff808081675e727401675f39ad380b83','0','*','ff8080816763dc7801677220760d0227')
,('ff808081675e727401676220765d0d83','ff808081675e72740167621d96c70d49','0','1','ff808081675e727401676220765c0d82')
,('ff808081675e72740167622076610d85','ff808081675e72740167621ebc070d63','0','*','ff808081675e72740167622076610d84')
,('ff808081675e7274016762236b540dc8','ff808081675e7274016762218cff0d99','0','1','ff808081675e7274016762236b540dc7')
,('ff808081675e7274016762236b550dca','ff808081675e727401676222aa880db4','0','*','ff808081675e7274016762236b550dc9')
,('ff8080816763dc78016772f1141a02d4','ff808081675e727401676225a97c0df9','0','1','ff8080816763dc78016772f1141a02d3')
,('ff8080816763dc78016772f1141c02d6','ff808081675e727401676224fb230ded','0','*','ff8080816763dc78016772f1141c02d5')
,('ff808081675e727401676229f6920e45','ff808081675e727401676228242e0e1d','0','*','ff808081675e727401676229f6910e44')
,('ff808081675e727401676229f6930e47','ff808081675e72740167622900350e2d','0','1','ff808081675e727401676229f6930e46')
,('ff8080816859c45201685ab5f41f013c','ff808081675d182801675de26b5f048c','0','1','ff8080816859c45201685ab5f41e013b')
,('ff808081675e72740167622df2990e8b','ff808081675e72740167622ca54a0e70','0','1','ff808081675e72740167622df2990e8a')
,('ff808081675e72740167622df29a0e8d','ff808081675e72740167622d55a20e7d','0','*','ff808081675e72740167622df29a0e8c')
,('ff8080816763dc78016772cf049d028c','ff808081675e72740167623333100efa','0','1','ff8080816763dc78016772cf049d028b')
,('ff8080816763dc78016772cf049e028e','ff808081675e727401676233d1bc0f14','0','*','ff8080816763dc78016772cf049e028d')
,('ff808081675e727401676237618a0f88','ff808081675e72740167623580000f4a','0','1','ff808081675e727401676237618a0f87')
,('ff808081675e727401676237618b0f8a','ff808081675e727401676236d9680f7b','0','*','ff808081675e727401676237618b0f89')
,('ff808081675e72740167623b6f800fc9','ff808081675e72740167623a6d110fb3','0','1','ff808081675e72740167623b6f800fc8')
,('ff8080816763dc780167732b06b80350','ff808081675e72740167623aec590fbf','0','1','ff8080816763dc780167732b06b7034f')
,('ff808081675e72740167623e29841023','ff808081675e72740167623c5f800fdc','0','1','ff808081675e72740167623e29841022')
,('ff808081675e72740167623e29861025','ff808081675e72740167623d35bb1001','0','1','ff808081675e72740167623e29861024')
,('ff808081675e727401676254a0d7118d','ff808081675e7274016762522b331167','0','1','ff808081675e727401676254a0d7118c')
,('ff808081675e727401676265068c1295','ff808081675e727401676261ea261277','0','1','ff808081675e727401676265068c1294')
,('ff808081675e7274016762581f6511ba','ff808081675e727401676253a843117f','0','*','ff808081675e7274016762581f6511b9')
,('ff8080816859c45201685af615e70266','ff8080816859c45201685af54db10253','0','1','ff8080816859c45201685af615e70265')
,('ff808081675e727401676267642312cf','ff808081675e727401676266658b12ac','0','1','ff808081675e727401676267642312ce')
,('ff80808168549f1201685987f689047d','ff808081675e7274016762625ee51284','0','*','ff80808168549f1201685987f688047c')
,('ff808081675e727401676268a9d712ff','ff808081675e727401676267e20812de','0','1','ff808081675e727401676268a9d712fe')
,('ff808081675e727401676268a9d81301','ff808081675e727401676268385c12f1','0','*','ff808081675e727401676268a9d81300')
,('ff808081675e72740167627362fa1429','ff808081675e727401676272c18d1412','0','1','ff808081675e72740167627362fa1428')
,('ff808081675e72740167627362fc142b','ff808081675e72740167627306dd141b','0','*','ff808081675e72740167627362fb142a')
,('ff808081675e727401676275073b1451','ff808081675e727401676274206d1439','0','1','ff808081675e727401676275073b1450')
,('ff808081675e7274016762aa825f1765','ff808081675e7274016762a730d81736','0','1','ff808081675e7274016762aa825e1764')
,('ff808081675e72740167627a870014ab','ff808081675e727401676277eae61475','0','1','ff808081675e72740167627a870014aa')
,('ff808081675e72740167627a870114ad','ff808081675e727401676279eb121495','0','*','ff808081675e72740167627a870114ac')
,('ff808081675e72740167627f041814f1','ff808081675e72740167627dd83614d4','0','1','ff808081675e72740167627f041814f0')
,('ff808081675e72740167627f041a14f3','ff808081675e72740167627e760d14e3','0','*','ff808081675e72740167627f041a14f2')
,('ff808081675e72740167628011af14fe','ff808081675e72740167627f1efc14f7','0','1','ff808081675e72740167628011af14fd')
,('ff808081675e727401676282e291155f','ff808081675e7274016762811b531506','0','1','ff808081675e727401676282e291155e')
,('ff808081675e72740167628337671570','ff808081675e727401676281a474150f','0','*','ff808081675e7274016762833767156f')
,('ff808081675e727401676289506815db','ff808081675e7274016762880aa415b9','0','1','ff808081675e727401676289506815da')
,('ff808081675e727401676289506a15dd','ff808081675e727401676288789b15cc','0','*','ff808081675e727401676289506a15dc')
,('ff808081675e72740167628aff481614','ff808081675e72740167628aa3d91606','0','1','ff808081675e72740167628aff481613')
,('ff8080816763dc780167721085cd01dd','ff8080816763dc780167720f100601cb','0','1','ff8080816763dc780167721085cd01dc')
,('ff8080816999199b01699a9e25370fbd','ff808081675e727401676253b4181182','0','*','ff8080816999199b01699a9e25370fbc')
,('ff808081675e72740167628c57f91647','ff808081675e72740167628b91fe1629','0','1','ff808081675e72740167628c57f91646')
,('ff808081675e72740167628c57fa1649','ff808081675e72740167628bf48c163b','0','*','ff808081675e72740167628c57fa1648')
,('ff8080816999199b01699a9f7fa30fc5','ff808081675e72740167626a145a1330','0','*','ff8080816999199b01699a9f7fa30fc4')
,('ff8080816999199b01699aa11dd40fdb','ff808081675e72740167627345741425','1','1','ff8080816999199b01699aa11dd40fda')
,('ff808081675e7274016762a25ae016fb','ff808081675e7274016762a04da016ec','0','1','ff808081675e7274016762a25ae016fa')
,('ff808081675e7274016762a25ae216fd','ff808081675e7274016762a0ff3116f5','0','*','ff808081675e7274016762a25ae216fc')
,('ff808081675e7274016762aa82601767','ff808081675e7274016762a971b71757','0','*','ff808081675e7274016762aa82601766')
,('ff808081675e7274016762ad95cc17a1','ff808081675e7274016762acef0c1797','0','1','ff808081675e7274016762ad95cc17a0')
,('ff808081675e7274016762ad95cd17a3','ff808081675e7274016762ab43141771','0','*','ff808081675e7274016762ad95cd17a2')
,('ff808081675e727401676351a133189f','ff808081675e72740167634d44f4186f','0','1','ff808081675e727401676351a133189e')
,('ff808081675e727401676351a13518a1','ff808081675e72740167634e293e187a','0','*','ff808081675e727401676351a13518a0')
,('ff8080816763dc78016763ef0df600e4','ff808081675e72740167628a556415fc','0','*','ff8080816763dc78016763ef0df500e3')
,('ff8080816763dc780167721085cf01df','ff8080816763dc780167720ff4a901d7','0','*','ff8080816763dc780167721085ce01de')
,('ff8080816763dc7801677217f222021b','ff8080816763dc7801677216ad7c020b','0','1','ff8080816763dc7801677217f222021a')
,('ff8080816763dc78016772cfb93c0294','ff808081675e727401676237fd2f0f93','0','1','ff8080816763dc78016772cfb93c0293')
,('ff8080816763dc78016772cfb93d0296','ff808081675e72740167623872520f9c','0','*','ff8080816763dc78016772cfb93d0295')
,('ff80808167786f2901677c75ee9a02bf','ff80808167786f2901677c73f01502ad','0','1','ff80808167786f2901677c75ee9a02be')
;
INSERT INTO MDMP_MULTIPLICITY (MULTIPLICITY_ID,CLS_ATTRIBUTE_ID,LOWER,UPPER,CLS_RELATION_ID) VALUES 
('ff80808167786f2901677c75ee9e02c1','ff80808167786f2901677c74ab2702b7','0','*','ff80808167786f2901677c75ee9e02c0')
,('ff80808168549f1201685987c7c20478','ff808081675e727401676266cd1d12bc','0','*','ff80808168549f1201685987c7c10477')
;
--候选值















